/*
Navicat MySQL Data Transfer

Source Server         : ruiyifeng
Source Server Version : 50717
Source Host           : localhost:3306
Source Database       : qnx

Target Server Type    : MYSQL
Target Server Version : 50717
File Encoding         : 65001

Date: 2018-03-08 13:13:21
*/

SET FOREIGN_KEY_CHECKS=0;

-- ----------------------------
-- Table structure for fh_apply
-- ----------------------------
DROP TABLE IF EXISTS `fh_apply`;
CREATE TABLE `fh_apply` (
  `apply_id` int(11) NOT NULL AUTO_INCREMENT,
  `course_id` int(11) DEFAULT NULL COMMENT '课程id',
  `school_id` int(11) DEFAULT NULL COMMENT '学校id',
  `content` varchar(2250) DEFAULT NULL COMMENT '内容',
  `name` varchar(50) DEFAULT NULL COMMENT '申请人姓名',
  `tel` varchar(50) DEFAULT NULL COMMENT '电话',
  `training_type` varchar(100) DEFAULT '' COMMENT '行业分类',
  `business_circle` varchar(100) DEFAULT '' COMMENT '商圈',
  `create_time` datetime DEFAULT NULL,
  PRIMARY KEY (`apply_id`)
) ENGINE=MyISAM AUTO_INCREMENT=15 DEFAULT CHARSET=utf8;

-- ----------------------------
-- Records of fh_apply
-- ----------------------------
INSERT INTO `fh_apply` VALUES ('1', null, null, null, null, null, '', '', '2017-11-14 16:58:40');
INSERT INTO `fh_apply` VALUES ('2', null, null, null, null, null, '', '', '2017-11-14 16:59:42');
INSERT INTO `fh_apply` VALUES ('3', '20', null, null, '1', '1', '', '', '2017-11-14 17:01:06');
INSERT INTO `fh_apply` VALUES ('4', '20', null, null, '1', '2', '', '', '2017-11-15 08:24:38');
INSERT INTO `fh_apply` VALUES ('5', '20', null, null, '3', '3', '', '', '2017-11-15 08:29:56');
INSERT INTO `fh_apply` VALUES ('6', '20', null, null, '3', '3', '', '', '2017-11-15 08:31:17');
INSERT INTO `fh_apply` VALUES ('7', '20', null, null, '4', '4', '', '', '2017-11-15 08:31:24');
INSERT INTO `fh_apply` VALUES ('8', null, null, '', null, '', '', '', '2017-11-15 08:43:16');
INSERT INTO `fh_apply` VALUES ('9', null, null, '', null, '', '', '', '2017-11-15 08:45:11');
INSERT INTO `fh_apply` VALUES ('10', '21', null, null, '2', '2', '', '', '2017-11-15 08:59:56');
INSERT INTO `fh_apply` VALUES ('11', '176', null, null, 'w w', '13775606594', '', '常州-武进-花园街', '2017-11-22 10:19:35');
INSERT INTO `fh_apply` VALUES ('12', '176', null, null, 'w w', '13775606594', '', '常州-武进-花园街', '2017-11-22 10:19:40');
INSERT INTO `fh_apply` VALUES ('13', '100', null, null, '11', '15206121566', '', '常州-武进-大学城', '2017-11-22 11:19:58');
INSERT INTO `fh_apply` VALUES ('14', '173', null, null, '发', '13775606594', '', '常州-新北区-万达', '2017-11-22 14:58:57');

-- ----------------------------
-- Table structure for fh_banner
-- ----------------------------
DROP TABLE IF EXISTS `fh_banner`;
CREATE TABLE `fh_banner` (
  `id` int(11) NOT NULL AUTO_INCREMENT,
  `title` varchar(50) DEFAULT NULL COMMENT '标题',
  `type` int(2) DEFAULT NULL COMMENT '类型：1-头部图;2-中部上图;3-中部下图',
  `img_url` varchar(255) NOT NULL COMMENT '图片url',
  `link_url` varchar(255) DEFAULT NULL COMMENT '链接url',
  `status` tinyint(2) NOT NULL DEFAULT '0' COMMENT '状态：0-隐藏；1-显示',
  `create_time` datetime DEFAULT NULL,
  `update_time` datetime DEFAULT NULL,
  PRIMARY KEY (`id`)
) ENGINE=MyISAM AUTO_INCREMENT=6 DEFAULT CHARSET=utf8;

-- ----------------------------
-- Records of fh_banner
-- ----------------------------
INSERT INTO `fh_banner` VALUES ('3', '1', '1', '/resource/upload/images/2018/03/08/1520479404331001.png', null, '1', '2017-10-31 13:35:36', '2018-03-08 11:23:24');
INSERT INTO `fh_banner` VALUES ('4', '2', '2', '/resource/upload/images/2018/03/08/1520479452395002.png', null, '1', '2017-11-01 08:40:50', '2018-03-08 11:24:12');
INSERT INTO `fh_banner` VALUES ('5', '3', '3', '/resource/upload/images/2018/03/08/1520479456619003.png', null, '1', '2017-11-10 23:04:06', '2018-03-08 11:24:17');

-- ----------------------------
-- Table structure for fh_business_circle
-- ----------------------------
DROP TABLE IF EXISTS `fh_business_circle`;
CREATE TABLE `fh_business_circle` (
  `id` int(20) NOT NULL AUTO_INCREMENT,
  `name` varchar(20) NOT NULL COMMENT '名称',
  `level` int(2) NOT NULL DEFAULT '1' COMMENT '层级',
  `parent_id` int(20) NOT NULL DEFAULT '0' COMMENT '父级id',
  `rank` int(11) DEFAULT NULL COMMENT '排序',
  `tree_path` varchar(20) DEFAULT NULL COMMENT '权限路径',
  `full_name` varchar(50) NOT NULL COMMENT '全拼',
  PRIMARY KEY (`id`),
  KEY `full_name` (`full_name`),
  KEY `name` (`name`),
  KEY `parent_id` (`parent_id`)
) ENGINE=MyISAM AUTO_INCREMENT=86 DEFAULT CHARSET=utf8;

-- ----------------------------
-- Records of fh_business_circle
-- ----------------------------
INSERT INTO `fh_business_circle` VALUES ('39', '常州', '1', '0', null, null, '常州');
INSERT INTO `fh_business_circle` VALUES ('41', '新北区', '2', '39', null, null, '常州-新北区');
INSERT INTO `fh_business_circle` VALUES ('42', '万达', '3', '41', null, null, '常州-新北区-万达');
INSERT INTO `fh_business_circle` VALUES ('79', '万达广场', '3', '78', null, null, '常州-武进区-万达广场');
INSERT INTO `fh_business_circle` VALUES ('44', '恐龙园', '3', '41', null, null, '常州-新北区-恐龙园');
INSERT INTO `fh_business_circle` VALUES ('45', '月星环球港', '3', '41', null, null, '常州-新北区-月星环球港');
INSERT INTO `fh_business_circle` VALUES ('46', '新区公园', '3', '41', null, null, '常州-新北区-新区公园');
INSERT INTO `fh_business_circle` VALUES ('81', '湖塘乐购', '3', '78', null, null, '常州-武进区-湖塘乐购');
INSERT INTO `fh_business_circle` VALUES ('82', '大学城', '3', '78', null, null, '常州-武进区-大学城');
INSERT INTO `fh_business_circle` VALUES ('83', '花园街', '3', '78', null, null, '常州-武进区-花园街');
INSERT INTO `fh_business_circle` VALUES ('84', '东方大道', '3', '78', null, null, '常州-武进区-东方大道');
INSERT INTO `fh_business_circle` VALUES ('80', '吾悦广场', '3', '78', null, null, '常州-武进区-吾悦广场');
INSERT INTO `fh_business_circle` VALUES ('61', '钟楼区', '2', '39', null, null, '常州-钟楼区');
INSERT INTO `fh_business_circle` VALUES ('62', '西新桥', '3', '61', null, null, '常州-钟楼区-西新桥');
INSERT INTO `fh_business_circle` VALUES ('63', '清枫公园', '3', '61', null, null, '常州-钟楼区-清枫公园');
INSERT INTO `fh_business_circle` VALUES ('64', '荆川公园', '3', '61', null, null, '常州-钟楼区-荆川公园');
INSERT INTO `fh_business_circle` VALUES ('65', '莱蒙都会', '3', '61', null, null, '常州-钟楼区-莱蒙都会');
INSERT INTO `fh_business_circle` VALUES ('66', '北大街', '3', '61', null, null, '常州-钟楼区-北大街');
INSERT INTO `fh_business_circle` VALUES ('70', '天宁区', '2', '39', null, null, '常州-天宁区');
INSERT INTO `fh_business_circle` VALUES ('71', '南大街', '3', '70', null, null, '常州-天宁区-南大街');
INSERT INTO `fh_business_circle` VALUES ('72', '文化宫', '3', '70', null, null, '常州-天宁区-文化宫');
INSERT INTO `fh_business_circle` VALUES ('73', '九州新世界', '3', '70', null, null, '常州-天宁区-九州新世界');
INSERT INTO `fh_business_circle` VALUES ('74', '火车站', '3', '70', null, null, '常州-天宁区-火车站');
INSERT INTO `fh_business_circle` VALUES ('78', '武进区', '2', '39', null, null, '常州-武进区');
INSERT INTO `fh_business_circle` VALUES ('85', '横山桥', '3', '78', null, null, '常州-武进区-横山桥');

-- ----------------------------
-- Table structure for fh_course
-- ----------------------------
DROP TABLE IF EXISTS `fh_course`;
CREATE TABLE `fh_course` (
  `course_id` int(11) NOT NULL AUTO_INCREMENT COMMENT '课程ID',
  `school_id` int(11) NOT NULL COMMENT '学校id',
  `course_name` varchar(50) DEFAULT NULL COMMENT '课程名称',
  `content` varchar(8800) DEFAULT NULL COMMENT '课程培训内容',
  `level` varchar(50) DEFAULT NULL COMMENT '课程级别',
  `cycle` varchar(50) DEFAULT NULL COMMENT '培训周期',
  `course_time` varchar(50) DEFAULT NULL COMMENT '上课时间',
  `training_type` varchar(255) DEFAULT NULL COMMENT '行业分类',
  `logo` varchar(255) DEFAULT NULL COMMENT 'logo',
  `hot` int(5) DEFAULT '0' COMMENT '人气',
  `create_time` datetime DEFAULT NULL COMMENT '创建时间',
  `state` tinyint(2) NOT NULL DEFAULT '1' COMMENT '状态：1-可用',
  PRIMARY KEY (`course_id`)
) ENGINE=InnoDB AUTO_INCREMENT=180 DEFAULT CHARSET=utf8;

-- ----------------------------
-- Records of fh_course
-- ----------------------------
INSERT INTO `fh_course` VALUES ('20', '26', '常州中小学10人课堂辅导班', '<p>是否随叫随到：是</p>\r\n\r\n<p>　　开班日期、总课时、学费：详情咨询校区</p>\r\n\r\n<p>　　上课时间：9：00-22：00(从中挑选一个时间段)</p>\r\n\r\n<p>　　课程内容：全科</p>\r\n\r\n<p>　　10课堂是星火教育旗下的精品小班课程，每班学员不超过12人，是将&ldquo;竞争学习&rdquo;与&ldquo;个性化辅导&rdquo;实现高度结合的教学形式。</p>\r\n\r\n<p>　　具有：</p>\r\n\r\n<p>　　一、专业师资任教</p>\r\n\r\n<p>　　二、资深教研团队</p>\r\n\r\n<p>　　三、高效互动课堂</p>\r\n\r\n<p>　　四、严谨分层教学</p>\r\n\r\n<p>　　五、定制教材体系</p>\r\n\r\n<p>　　六、科学教学流程</p>\r\n\r\n<p>　　七、开放家长旁听</p>\r\n\r\n<p>　　八、允许转变退费</p>\r\n\r\n<p>　　10人课堂对比传统班更具有以下优势</p>\r\n\r\n<p>　　一、人数更少。相对传统大班的30人，10人课堂的学生人数不超过12人</p>\r\n\r\n<p>　　二、关注度更高。</p>\r\n\r\n<p>　　三、效果更佳。进步率大于90%</p>\r\n\r\n<p>　　四、课堂更优。良性竞争与合作、互动式课堂</p>', '高级', '1-2个月', '电话咨询', '学科辅导-小学-数学', '/resource/upload/images/2017/11/15/1510725733024008.jpg', '99', '2017-11-14 10:10:44', '1');
INSERT INTO `fh_course` VALUES ('21', '26', '常州钢琴辅导班', '<p>初二数学辅导班</p>', '初级', '两周', '教务安排', '艺术-乐器-钢琴', '/resource/upload/images/2017/11/15/1510725739399009.jpg', '6', '2017-11-15 08:58:34', '1');
INSERT INTO `fh_course` VALUES ('22', '1', '硬笔书法培训班', '<p>墨鹤练字中心始建于2004年，是一所专业性很强的学校。是全国文化连锁机构，拥有雄厚的师资力量和丰富的教学经验。</p>\r\n\r\n<p>本校坚持&ldquo;以诚取信，以德积誉&rdquo;为办 学宗旨，&ldquo;以人为本，服务社会&rdquo;为办学理念，提高全民书写素质。几年来为社会各界培养了近万名人才，其中多名学生在全国书法比赛中获奖。</p>\r\n\r\n<p>本中心专业教授写 字，运用现代科技手段对常用字根、字型、篇章布局进行了系统总结、大胆探索，形成一套简洁、高效、易学、实用的汉字书写速成方法。此方法自2004年正式 推出以来引起社会强烈反响，无数人因习得一手好字而找到工作、获得晋升、学习考试中增强了自信！学员学习效果惊人，争相传诵，书法名家、文化人士给予高度 肯定和赞扬。</p>\r\n\r\n<p>建校以来，好评如潮，全力打造的练字学校。本中心主要开设课程有成&ldquo;5158&rdquo;行书38小时速成班和快乐楷书班，练字方法简单而独特，此 方法以最科的方法、最省俭的时间，让练字人的书写水平达到规范、整洁，字体大方、潇洒、美观，速度书写起来又好又快！此方法注重学&ldquo;法&rdquo;不学&ldquo;字&rdquo;的理 念！通过38小时的强化训练，即可轻松拥有一手漂亮的钢笔字。</p>', '入门级', '一周以内', '电话咨询', '艺术-美术-书法', '/resource/upload/images/2017/11/15/1510737553519014.jpg', '53', '2017-11-15 17:19:14', '1');
INSERT INTO `fh_course` VALUES ('23', '1', '书法培训一化班', '<p style=\"margin-left:0px; margin-right:0px; text-align:start\"><span style=\"font-size:14px\"><span style=\"font-family:arial\"><span style=\"color:#333333\"><span style=\"background-color:#ffffff\"><strong>本方法共分为19节课，每节课两个小时。进行了对汉字符号、结构规律及整体文章的布局&mdash;&mdash;章法排列的强化训练。此方法注重学&ldquo;法&rdquo;不学&ldquo;字&rdquo;的理念！每天坚持1-2个小时，学完本教材，轻松拥有1手规范、漂亮的钢笔字。</strong></span></span></span></span></p>\r\n\r\n<p style=\"margin-left:0px; margin-right:0px; text-align:start\"><br />\r\n<span style=\"font-size:14px\"><span style=\"font-family:arial\"><span style=\"color:#333333\"><span style=\"background-color:#ffffff\"><span style=\"font-size:large\">不管时代如何变换，对于中国人来说，写<span style=\"font-size:large\">一</span>手好字总是<span style=\"font-size:large\">一</span>件引以为豪的事。对于学生来说更有起实际作用，试卷有1-5分印象分，而这由学生的字迹决定，这几分的影响却是巨大的，对于自考的学生，59分与60分虽有1分之差，但结果却是天壤之别</span>。</span></span></span></span></p>\r\n\r\n<p style=\"margin-left:0px; margin-right:0px; text-align:start\"><span style=\"font-size:14px\"><span style=\"font-family:arial\"><span style=\"color:#333333\"><span style=\"background-color:#ffffff\"><span style=\"font-size:large\">如果你<span style=\"font-size:large\">一</span>直在为自己糟糕的&ldquo;烂字&rdquo;而烦恼?<span style=\"font-size:large\">一</span>直觉得自己的字太难看,实在拿不出手,经常为此不敢动笔?或是曾为字写的不好而丢了面子,失去机遇?如果是,那您不妨到墨鹤练字学校来免费试学<span style=\"font-size:large\">一</span>节课,亲自感受<span style=\"font-size:large\">一</span>下速成练好字的全新方法！让您在最短的时间内拥有<span style=\"font-size:large\">一</span>手好字,从此为自己流利的书写而骄傲!<br />\r\n生活在快节凑的时代，&ldquo;墨鹤练字&rdquo;适应了这个节凑,给想练好字的朋友带来了福音，满足了想练好字的朋友的需求,专业的师资,<span style=\"font-size:large\">一</span>流的教学环境.心动不如行动,抽出自已的38个小时不会影响正常的生活，即可改变<span style=\"font-size:large\">一</span>生的&ldquo;烂&rdquo;字,让我们的生活更加丰富多彩! 还等什么呢？<br />\r\n学校坐落在市中心繁华地段，交通便利，教学环境幽雅、设施齐全、教室宽敞明亮、配有空调、照明条件良好、标准课桌打造了<span style=\"font-size:large\">一</span>流的练字环境，的练字氛围。写字速成班伊始，来参加培训学习的学员甚多，墨鹤练字中心的几近打爆。</span></span></span></span></span></p>', '入门级', '一周以内', '电话咨询', '艺术-美术-书法', '/resource/upload/images/2017/11/15/1510737621191015.jpg', '24', '2017-11-15 17:20:21', '1');
INSERT INTO `fh_course` VALUES ('24', '1', '小学生楷书书法培训', '', '入门级', '1年', '电话咨询', '艺术-美术-书法', '/resource/upload/images/2017/11/15/1510737717489016.jpg', '53', '2017-11-15 17:21:57', '1');
INSERT INTO `fh_course` VALUES ('25', '3', '英孚冬令营课程', '<p><strong>Story Teller英语故事表演营（4-6岁）</strong><br />\r\n学习纯正发音，提升开口自信！<br />\r\n课程特色：<br />\r\n1. 精选英美经典原版童谣和故事，让孩子在潜移默化之中了解西方文化，同时锻炼英语朗读和表演能力<br />\r\n2. 小班授课，老师逐一纠正孩子的英语发音，从而培养纯正的发音和地道的语感<br />\r\n3. 辅导并鼓励孩子独立表演，提升孩子自信心<br />\r\n4. 通过母语式教学法培养孩子的阅读技巧，帮助孩子通过上下文猜测并记忆新单词，提高词汇量和阅读能力</p>', '入门级', '一周以内', '全日制', '语言培训-英语-少儿英语', '/resource/upload/images/2017/11/15/1510737934349017.jpg', '94', '2017-11-15 17:25:34', '1');
INSERT INTO `fh_course` VALUES ('26', '3', 'StoryTeller欢乐故事营', '<p>5-6岁Story Teller欢乐故事营</p>\r\n\r\n<p>夏令营深受欢迎的新课程 欧美经典儿歌 激发学习兴趣</p>\r\n\r\n<p>课程特色：</p>\r\n\r\n<p>1、精选英美经典原版故事和童谣，让孩子在潜移默化之中了解西方文化，同时锻炼英语讲故事和表演能力。</p>\r\n\r\n<p>2、小班授课，外教逐1纠正英语发音，学习纯正的英语发音和语感。</p>\r\n\r\n<p>3、辅导并鼓励孩子独立表演，提升自信心。</p>\r\n\r\n<p>4、激发孩子动手制作表演道具的创造力和动手能力。</p>\r\n\r\n<p>5、配套故事书和影音资料，在家里也能创造英语学习环境，巩固课上所学。</p>\r\n\r\n<p>通过Small Stars幼儿英语课程，孩子到底能学到什么？</p>\r\n\r\n<p>课程级别 教学目标</p>\r\n\r\n<table align=\"center\">\r\n	<tbody>\r\n		<tr>\r\n			<td>\r\n			<h4>幼儿英语蓝色课本</h4>\r\n			</td>\r\n			<td>\r\n			<p>&nbsp;</p>\r\n			</td>\r\n			<td>\r\n			<ul>\r\n				<li>\r\n				<p>39个和问候、玩具、颜色、数字、水果、身体部位和学校有关的单词；和以上单词有关的短句、提问和回答；以及其他在教室内所用到的语句。</p>\r\n				</li>\r\n				<li>\r\n				<p>通过完成各种活动来提高认知能力；</p>\r\n				</li>\r\n				<li>\r\n				<p>使用所学的语言和同学老师交流来提高社交能力；</p>\r\n				</li>\r\n				<li>\r\n				<p>通过和幼儿英语学习有关的手工，画图和游戏来提高动手能力</p>\r\n				</li>\r\n			</ul>\r\n			</td>\r\n		</tr>\r\n		<tr>\r\n			<td>\r\n			<h4>幼儿英语绿色课本</h4>\r\n			</td>\r\n			<td>\r\n			<p>&nbsp;</p>\r\n			</td>\r\n			<td>\r\n			<ul>\r\n				<li>\r\n				<p>60个和问候、学校、颜色、动物、身体部位、数字、家里的物品和家具有关的单词和介词；和以上单词有关的短句、提问和回答；以及其他在教室内所用到的语句。</p>\r\n				</li>\r\n				<li>\r\n				<p>通过完成各种活动来提高认知能力；</p>\r\n				</li>\r\n				<li>\r\n				<p>使用所学的语言和同学老师交流来提高社交能力；</p>\r\n				</li>\r\n				<li>\r\n				<p>通过和幼儿英语学习有关的手工，画图和游戏来提高动手能力。</p>\r\n				</li>\r\n			</ul>\r\n			</td>\r\n		</tr>\r\n		<tr>\r\n			<td>\r\n			<h4>幼儿英语橙色课本</h4>\r\n			</td>\r\n			<td>\r\n			<p>&nbsp;</p>\r\n			</td>\r\n			<td>\r\n			<ul>\r\n				<li>\r\n				<p>87个和问候、教室物品和文具、数字、颜色、家庭成员、身体部位、家具、动物、食物和衣物有关的单词和介词；</p>\r\n				</li>\r\n				<li>\r\n				<p>词汇的复数形式；和以上单词有关的短句、提问和回答；以及其他在教室内所用到的语句。</p>\r\n				</li>\r\n				<li>\r\n				<p>通过完成各种活动（迷宫、学习儿歌、故事拼图）来提高认知能力；</p>\r\n				</li>\r\n				<li>\r\n				<p>使用所学的语言和同学老师交流来提高社交能力；</p>\r\n				</li>\r\n				<li>\r\n				<p>通过和幼儿英语学习有关的手工，画图和游戏来提高动手能力。</p>\r\n				</li>\r\n			</ul>\r\n			</td>\r\n		</tr>\r\n		<tr>\r\n			<td>\r\n			<h4>幼儿英语红色课本</h4>\r\n			</td>\r\n			<td>\r\n			<p>&nbsp;</p>\r\n			</td>\r\n			<td>\r\n			<ul>\r\n				<li>\r\n				<p>104个和问候、教室物品和文具、家庭成员、身体部位、数字、时间、家具、动物、颜色、食物和衣物有关的单词和介词；</p>\r\n				</li>\r\n				<li>\r\n				<p>词汇的复数形式；和以上单词有关的短句、提问和回答；以及其他在教室内所用到的语句。</p>\r\n				</li>\r\n				<li>\r\n				<p>通过完成各种活动（迷宫、学习儿歌、故事拼图）来提高认知能力；</p>\r\n				</li>\r\n				<li>\r\n				<p>使用所学的语言和同学老师交流来提高社交能力；</p>\r\n				</li>\r\n			</ul>\r\n			</td>\r\n		</tr>\r\n	</tbody>\r\n</table>\r\n\r\n<p>&nbsp;</p>', '入门级', '一周以内', '全日制', '语言培训-英语-少儿英语', '/resource/upload/images/2017/11/16/1510795465884018.jpg', '74', '2017-11-16 09:24:26', '1');
INSERT INTO `fh_course` VALUES ('27', '3', '英孚E3趣味职业体验营', '<p>7-9岁E3趣味职业体验营</p>\r\n\r\n<p>提升英语知识应用能力 触摸未来梦想</p>\r\n\r\n<p>课程特色：</p>\r\n\r\n<p>1、3大课程模块环环相扣，全面提升英语应用能力，更为孩子培养自信、积极、创造力和广阔的视野等卓越素质，以应对未来的激烈竞争和挑战。</p>\r\n\r\n<p>◆ 模块1：环球探索家（Explorer）：在专业外教带领下，深入挖掘国际大都市的文化热点，拓展孩子的国际化视野。</p>\r\n\r\n<p>◆ 模块2：天才工程师（Engineer）：任务制的全英文工作坊，孩子需独立或配合完成各种动手项目，提升解决问题的能力和沟通技巧。</p>\r\n\r\n<p>◆ 模块3：成功创业家（Entrepreneur）：团队创业项目，激发孩子商业思维，培养未来商界精英！</p>\r\n\r\n<p>2、严谨教学：语言教学大纲根据CEF-即欧盟通用语言体系设置，涵盖听、说、读、写、语法和词汇，面面俱到。</p>', '入门级', '一周以内', '全日制', '语言培训-英语-少儿英语', '/resource/upload/images/2017/11/16/1510795532807019.jpg', '42', '2017-11-16 09:25:33', '1');
INSERT INTO `fh_course` VALUES ('28', '3', 'E3未来英才训练营', '<p>10-13岁E3未来英才训练营</p>\r\n\r\n<p>英语应用 团队攻坚 培养未来精英综合能力</p>\r\n\r\n<p>课程特色：</p>\r\n\r\n<p>1、国际大学机构设计的专业训练项目，鼓励自组团队项目攻坚；</p>\r\n\r\n<p>2、专业导师多样任务设立，运用英语沟通协作通关；</p>\r\n\r\n<p>3、全英语浸润模拟商战环境，开拓思维模式体验商海风云；</p>\r\n\r\n<p>4、听说读写4大模块密集强化，培养应对未来竞争的综合能力。</p>\r\n\r\n<p>EF的课程能帮助孩子培养以下一系列的超级技能&nbsp;</p>\r\n\r\n<p>创造能力-Creativity 能够使用一系列方法（如头脑风暴等）来创造和优化新的创意点子；&nbsp;</p>\r\n\r\n<p>协作能力-Collaboration 能够与他人一起有效率地工作和学习，以达到一个共同目标；&nbsp;</p>\r\n\r\n<p>推理能力-Logical Reasoning 能够有逻辑地思考和判断问题，并使用不同的思考技巧（比如归纳法、推理法等）寻找解决方法；</p>\r\n\r\n<p>问题解决能力-Problem Solving 有能力用传统或创新的方法来解决各种新问题；&nbsp;</p>\r\n\r\n<p>判断性思维力-Critical Thinking 有能力分析和衡量各种事实、言论和思想消化这些信息并且在分析的基础上得出结论；</p>\r\n\r\n<p>全球视野-Global Awareness 能够理解和欣赏全世界各国的人、文化和事件；&nbsp;</p>\r\n\r\n<p>首创精神-Initiative 有能力独立应对和分析新情况，确定解决问题所需要的资源或技能，并制定执行计划。</p>', '入门级', '一周以内', '全日制', '语言培训-英语-少儿英语', '/resource/upload/images/2017/11/16/1510795593073020.jpg', '73', '2017-11-16 09:26:33', '1');
INSERT INTO `fh_course` VALUES ('29', '3', 'GradeBooster小升初', '<p>9-12岁Grade Booster 小升初轻松备考营</p>\r\n\r\n<p>反复讲解考试 掌握所有必备语法词汇知识点</p>\r\n\r\n<p><strong>课程特色：</strong></p>\r\n\r\n<p>1、话题训练锻炼孩子真实语境的表达能力。丰富话题，帮助孩子对自己感兴趣的话题进行深入思考、自如表达。</p>\r\n\r\n<p>2、预评级帮助孩子发现自身差距：预评级包含口试和笔试，针对认知和表达能力多方位全面分析孩子英语现状。</p>\r\n\r\n<p>3、技巧告知提示家长和孩子考试中的注意事项。注意事项结合考试题型，帮助孩子在沟通技能、功能、语法、词汇和语音方面，各项击破。</p>\r\n\r\n<p>4、增强学习自信、激发学习兴趣：系统梳理英语知识，强化训练英语应用技巧，帮助孩子建立无障碍英语沟通自信，进1步激发学习兴趣。</p>\r\n\r\n<p><strong>我们能帮助您的孩子在学校名列前茅</strong></p>\r\n\r\n<p>EF Trailblazers课程一共分为4个水平等级，课程内容是为9-12岁的孩子特别设计的。EF英孚采用小班授课的模式，软硬件环境也极其有助于孩 子学习，我们能帮助您的孩子有效提高英语能力和自信心，应对未来国内国际重点中学对英语综合能力的挑战。</p>\r\n\r\n<p>孩子们一定会非常喜爱全新的Trailblazer故事情节，这个刺激又精彩的故事将贯穿整个课程，充满悬念和新意，以此保持孩子们继续学习的兴趣和动 力。我们由专家精心设计的课程教材和互动性超强的辅助工具，能让孩子们在整堂课中都不断参与各种课内活动，保持孩子们的学习注意力。而EF英孚的创新语音 实验室则能够让孩子在家里继续积极主动地学习英语。</p>\r\n\r\n<p>Trailblazers课程将如何帮助你的孩子学习英语？ 帮助孩子为高中乃至大学的入学考试做好准备 帮助孩子建立在真实生活环境中使用英语的自信，这对将来出国留学和职业生涯都非常重要 培养孩子更强的沟通交流技能 培养孩子独立主动学习的精神。</p>', '入门级', '一周以内', '全日制', '语言培训-英语-少儿英语', '/resource/upload/images/2017/11/16/1510795681698021.jpg', '53', '2017-11-16 09:28:02', '1');
INSERT INTO `fh_course` VALUES ('30', '3', '英孚幼儿英语培训课程', '<p>英孚幼儿英语培训课程</p>\r\n\r\n<p>培养英语学习兴趣，轻松幼小衔接</p>\r\n\r\n<p>3-6岁英语基础进阶Small Stars课程特色：</p>\r\n\r\n<p>1、国际获奖教材：EF组织全球幼儿英语教育专家为3-6岁儿童编写的Small Star教材，2010年荣获英语教育奥斯卡ELTons奖提名。</p>\r\n\r\n<p>2、重点培养英语学习兴趣：6岁前是学习第二外语是的时期。EF非常注重课程设置、课堂教学、课外活动的趣味性，培养孩子对英语的兴趣，激发学习热情，建立自信心。</p>\r\n\r\n<p>3、快乐记单词，轻松学对话：区别于传统死记硬背的单词教学，EF专有的趣味拼读课程，帮助孩子建立发音感知和天然语感，层层递进地学习音素、音位、语音系统和自然拼读法，让孩子看字能读，听音会写。同时，EF独有的lexical approach教学法，营造母语式语言环境，从小培养孩子在真实语境中说整个句子而不是独立单词的语言习惯。</p>\r\n\r\n<p>4、提前适应课堂，顺利幼小衔接：针对幼儿心理成长的特点，EF精心设置课堂流程及教学方案，潜移默化地让孩子提前应将来的小学课堂，培养良好学习习惯。在课程设置上，循序渐进地加入更具应用性的小学英语教学内容，帮助孩子顺利地完成幼小衔接。</p>\r\n\r\n<p>5、关注每个孩子，融合各种学习方式：每个孩子都不一样，学习方式也有不同类型。EF的课程中融合了很多元素，如唱歌、故事、运动、游戏等等，而非简单的逻辑型教学，任何一种学习类型的孩子在EF的课堂中都能学有所得。</p>\r\n\r\n<p>6、结合英语教学，培养4大能力：幼儿阶段是孩子成长最重要的时期，EF不仅仅只传授孩子英语学习技能，同时培养孩子语言能力，社交能力，肢体发展能力和认知能力，帮助孩子全面成长。</p>', '入门级', '一周以内', '电话咨询', '语言培训-英语-少儿英语', '/resource/upload/images/2017/11/16/1510795734886022.jpg', '42', '2017-11-16 09:28:55', '1');
INSERT INTO `fh_course` VALUES ('31', '3', '英孚儿童英语HighFlyers课程', '<p>英孚儿童英语High Flyers课程</p>\r\n\r\n<p>打好扎实的英文基础，自信面对小升初</p>\r\n\r\n<p>7-9岁High Flyers课程特色：</p>\r\n\r\n<p>1、持续提升英语学习兴趣：小学阶段，孩子对英语的学习兴趣最容易受到打击。EF关注每个细节，从教案编写、教学内容及授课形式都力求能够激发孩子参与性地学习，通过角色扮演、视频、互动游戏、卡通词汇卡片等各种方式来提升每一个孩子的英语学习兴趣。同时注重自信心的培养，保护孩子的学习热情。</p>\r\n\r\n<p>2、因材施教，提高学习效率：根据哈佛大学霍华德加德纳教授的多元智能理论，针对8种不同学习类型的孩子，英孚教学形式多元化，结合了交际教学法、直接教学法、全身反应TPR教学法、故事教学法、基于任务的教学法等，因材施教，牢牢抓住孩子的注意力，让每个孩子都能高效地学好英语。</p>\r\n\r\n<p>3、培养地道语感，轻松学习语法：由纯英文的母语式教学培养的良好语感有助于英语学习成绩的提高，不需要死记硬背就可以自然掌握单词拼写和语法规则。</p>\r\n\r\n<p>4、全面领先的教案，超越教委大纲：英孚6个级别的教材在小学课本基础上全面提高单词量，多学1000个以上的单词，语法知识点更同步领先1-2年。</p>\r\n\r\n<p>5、加强口语表达能力，注重原版英文阅读：通过全英文语境的教学与各类活动，让孩子自信说英语，发言标准纯正，口语表达能力有质的飞跃。为7-9岁不同年龄段孩子精心编写的原版英文扩展阅读卡通故事书，覆盖该年龄段孩子最感兴趣的地理、天文、生物、科幻、探险、自然科学等各大主题，拓展知识面的同时更培养孩子阅读的兴趣和能力。</p>', '入门级', '一周以内', '电话咨询', '语言培训-英语-少儿英语', '/resource/upload/images/2017/11/16/1510795844215023.jpg', '38', '2017-11-16 09:30:44', '1');
INSERT INTO `fh_course` VALUES ('32', '3', '英孚酷炫英语Trailblazers课程', '<p>英孚酷炫英语Trailblazers课程</p>\r\n\r\n<p>助力跻身国际国内中学</p>\r\n\r\n<p>10-13岁 酷炫英语Trailblazers课程特色：</p>\r\n\r\n<p>1、同步国际语言等级考试标准：严谨的教学大纲根据CEF（即欧盟通用语言教学评估体系）设置，与剑桥、雅思、托福等国际认可的测试相对应。全面提高听说读写能力，让学习效果一目了然。</p>\r\n\r\n<p>2、帮助提高国内中考成绩：教学大纲设置不仅在语法和词汇量方面领先，课后习题设计也紧扣中考题型，着重提高对如阅读理解和完形填空等重点题型的解题能力和技巧。</p>\r\n\r\n<p>3、培养七大超级技能Super Skills：课程还注重素质教育，着重培养学员的全球视野、推理能力、协作能力、创造能力、首创精神，批判性思维、解决问题七大超级能力，提升未来社会竞争力。</p>\r\n\r\n<p>4、超炫主角，超酷造型，环环相扣的故事情节：同龄的故事主人公造型设计时尚前卫，贴近时下青少年的生活方式，学习最时兴的英语。以青少年保卫家园，痛击外星入侵者为故事主线，96个扣人心弦的教学视频，故事情节跌荡起伏，悬念丛生，让学生欲罢不能。</p>\r\n\r\n<p>5、为青少年度身打造的高科技在线学习系统：每个学员拥有个性化网上学习系统，随时随地学习和复习课堂教学内容。数百个在线互动英语练习和游戏，让学习充满乐趣。</p>', '入门级', '一周以内', '电话咨询', '语言培训-英语-少儿英语', '/resource/upload/images/2017/11/16/1510795923403024.jpg', '52', '2017-11-16 09:32:03', '1');
INSERT INTO `fh_course` VALUES ('33', '3', '英孚青少年RealEnglish课程', '<p>英孚青少年Real English课程</p>\r\n\r\n<p>帮助孩子与世界对话</p>\r\n\r\n<p>14-18岁Real English课程特色：</p>\r\n\r\n<p>1、帮助学生跻身国内外大学：九个级别的高密度课程，主要帮助高中阶段的学生全方位提高英语水平，让学生扎实掌握英语知识，从容面对升学压力，让孩子更加轻松有把握地应对国内外著名高校的英语测试。</p>\r\n\r\n<p>2、培养国际化视野：在纯正的语言环境下全面提高学生的英语综合运用能力，在教学过程中贯穿风土人情和历史文化，打开洞察世界的眼界，成为自信的世界公民。</p>\r\n\r\n<p>3、在真实语境中练就自信口语：通过与英语为母语的外教进行对话练习，并使用EF英孚专业研发的教材系列，帮助高年级学员取得英语水平的突破，尤其是口语方面，加强生活实用会话的情境教学，建立说英语的自信。</p>\r\n\r\n<p>4、现代化高度整合的教学模式：Efekta系统完美结合了现代科技和英语教学。学员们不但可以在学校里学习英语，还可以在家中或任何一个可以上互联网的地方学习英语。先进且高效的教学方法让孩子的英语显著进步。</p>', '入门级', '一周以内', '电话咨询', '语言培训-英语-少儿英语', '/resource/upload/images/2017/11/16/1510796052451025.jpg', '57', '2017-11-16 09:34:12', '1');
INSERT INTO `fh_course` VALUES ('37', '3', '常州英孚少儿英语培训精品课', '<p><strong>英孚2013夏令营精品七大课程</strong></p>\r\n\r\n<p><strong>一、小学</strong></p>\r\n\r\n<p>Story Telling英语故事表演营</p>\r\n\r\n<p>Story Telling英语故事表演营（4-6岁）</p>\r\n\r\n<p>学习纯正发音，提升开口自信！</p>\r\n\r\n<p>课程特色：</p>\r\n\r\n<p>1. 精选英美经典原版童谣和故事，让孩子在潜移默化之中了解西方文化，同时锻炼英语朗读和表演能力；</p>\r\n\r\n<p>2. 小班授课，老师逐一纠正孩子的英语发音，从而培养纯正的发音和地道的语感；</p>\r\n\r\n<p>3. 辅导并鼓励孩子独立表演，提升孩子自信心；</p>\r\n\r\n<p>4. 通过母语式教学法培养孩子的阅读技巧，帮助孩子通过上下文猜测并记忆新单词，提高词汇量和阅读能力。</p>\r\n\r\n<p>&nbsp;</p>\r\n\r\n<p>&nbsp;</p>\r\n\r\n<p><strong>二、少儿英语</strong></p>\r\n\r\n<p>Phonics自然拼读奇趣探险营</p>\r\n\r\n<p>Phonics自然拼读奇趣探险营（4-8岁）</p>\r\n\r\n<p>快乐的母语式教学，告别死记硬背记单词！</p>\r\n\r\n<p>课程特色：</p>\r\n\r\n<p>1. 母语式教学，掌握看字能读，听音能写能力，告别传统学习死记硬背单词的痛苦；</p>\r\n\r\n<p>2. 科学设置教案，采用英语国家在孩子启蒙阶段的英语教学法，比传统国际音标更适合英语初学者；</p>\r\n\r\n<p>3. 针对不同年龄段的儿童学习语言的特点，通过直接学习26个字母及字母组合在单词中的发音规则，建立字母及字母组合如何发音的感知，从而层层递进地系统性学习音素、音位、语音系统和自然拼读法；</p>\r\n\r\n<p>4. 精选国外儿童原版书籍作为补充阅读材料，巩固学习效果，从小培养良好语感和对英文阅读的爱好；</p>\r\n\r\n<p>5. 趣味性英文书写训练，为小学英语学习打好基础。</p>\r\n\r\n<p>&nbsp;</p>\r\n\r\n<p><strong>三、夏令营</strong></p>\r\n\r\n<p>E3全球探索营</p>\r\n\r\n<p>E3全球探索营（7-13岁）</p>\r\n\r\n<p>一站式英语加油站，培养全面发展的孩子</p>\r\n\r\n<p>课程特色：</p>\r\n\r\n<p>. 三大课程模块环环相扣，全面提升英语应用能力，更为孩子培养自信、积极、创造力和广阔的视野等卓越素质，以应对未来的激烈竞争和挑战；</p>\r\n\r\n<p>. 严谨教学：根据CEFR*设置教学大纲，涵盖听、说、读、写、语法和词汇，面面俱到；</p>\r\n\r\n<p>3. 开拓国际视野：通过学习英孚开发的波罗畅游世界英语原版教学视频，一周一个国家、深入了解该国的历史地理、地道美食、旅游胜地、潮流热点；</p>\r\n\r\n<p>4. CEFR -欧洲通用语言框架，规定了欧洲各国外语教学和评估的标准。</p>\r\n\r\n<p><strong>四、夏令营</strong></p>\r\n\r\n<p>Grade booster小升初轻松备考营</p>\r\n\r\n<p>Grade booster小升初轻松备考营（9-12岁）<br />\r\n提前做准备 轻松入名校</p>\r\n\r\n<p>课程特色：</p>\r\n\r\n<p>1. EF独特的小班教学：循序渐进，由浅入深，帮助学生掌握语法、听力、阅读、写作这四个考试分数比例的大项目；</p>\r\n\r\n<p>2. 系统性提炼语法：集中重点中学小升初考试的重点难点语法，提前学习部分初中语言知识点；</p>\r\n\r\n<p>3. 科学设置教案，确保掌握：根据艾宾浩斯规律，针对每一个知识点进行预习、热身、讲授、复习、总结、考试、再讲解，帮助学生进行反复却不单调的复习巩固；</p>\r\n\r\n<p>4. 互动性和趣味性：用视频、师生角色互换、游戏等丰富的教学形式吸引孩子的注意力，每个抽象的语法点用说唱和顺口溜的形式予以总结，孩子们可以很轻松地通过这些朗朗上口的歌谣掌握语法规则；</p>\r\n\r\n<p>5. 个性化：老师根据孩子每次考试的表现，给予个性化的辅导和帮助，查漏补缺。一对一家长会，客观分析孩子的学习状况，帮助家长制定后续英语辅导计划。</p>\r\n\r\n<p>&nbsp;</p>\r\n\r\n<p>&nbsp;</p>\r\n\r\n<p>&nbsp;</p>\r\n\r\n<p><strong>五、小学辅导</strong></p>\r\n\r\n<p>Trailblazers Intensive少儿英语拓展课程突破营</p>\r\n\r\n<p>Trailblazers Intensive少儿英语拓展课程突破营（11-13岁）</p>\r\n\r\n<p>助力跻身中学 培养国际竞争力</p>\r\n\r\n<p>课程特色：</p>\r\n\r\n<p>1. 全面提高听说读写能力，扩展词汇量，提高21世纪综合能力，应对日后海外留学和生活需要；</p>\r\n\r\n<p>2. 扣人心心炫故事情节为主的课程设计，激发孩子英语学习的兴趣和热情；</p>\r\n\r\n<p>3. 跟踪学习水平提高的创新测试系统，全面接轨国际公认的语言教学评估标准CEFR；</p>\r\n\r\n<p>4. 化的课堂互动学习系统，持续不断的在线课程及，教室和家庭两个课堂兼顾，随时巩固学习知识；</p>\r\n\r\n<p>CEFR -欧洲通用语言框架，规定了欧洲各国外语教学和评估的标准。</p>\r\n\r\n<p><strong>六、一对一辅导</strong></p>\r\n\r\n<p>Writer Guild实用英文写作训练营</p>\r\n\r\n<p>Writer Guild实用英文写作训练营（12-14岁）</p>\r\n\r\n<p>学习4种文体写作，掌握8大英文写作技巧！</p>\r\n\r\n<p>课程特色：</p>\r\n\r\n<p>1. 全面涉猎小说、新闻、影评、论文4种实用文体，启发性引导学员用地道英语写作。通过循序渐进的写作练习，熟练掌握多种体裁的写作手法；</p>\r\n\r\n<p>2. 注重打好写作基础，从选题、立意、结构、用词、语法各方面指导写作技巧；</p>\r\n\r\n<p>3. 原版范文和美文欣赏，快速提升英文阅读和写作技能；</p>\r\n\r\n<p>4. 老师的个性化辅导结合学生互评，提升学员的批判和自我批判能力；</p>\r\n\r\n<p>5. 为高中、大学的应用文写作奠定坚实的基础。</p>\r\n\r\n<p><strong>七、中学</strong></p>\r\n\r\n<p>Front Runner Intensive青少儿英语领先课程突破营</p>\r\n\r\n<p>Front Runner Intensive青少儿英语领先课程突破营（14-17岁）</p>\r\n\r\n<p>国内外教学标准双接轨 考试成绩和能力水平双提升</p>\r\n\r\n<p>课程特色：</p>\r\n\r\n<p>1. 全面接轨国际公认的语言教学评估标准CEFR*，自信应对雅思和托福等国际英语考试，叩开海外名校大门；</p>\r\n\r\n<p>2. 课程紧贴初高中学生日常生活和兴趣爱好，高科技互动媒体技术强化教学，激发学习兴趣和主动性；</p>\r\n\r\n<p>3. 独创在线智能学习管理系统，根据不同学习目标有针对性地定制和推荐网络课程，满足不同的个人学习计划；</p>\r\n\r\n<p>4. 课堂教学和在线网络自学相结合，培养良好的学习习惯和21世纪综合能力，为日后独立求学作铺垫；</p>\r\n\r\n<p>5. 接轨国内英语教育大纲，传授考试技巧，帮助提高学校英语成绩，助力高考跨入国内大学；</p>\r\n\r\n<p>CEFR -欧洲通用语言框架，规定了欧洲各国外语教学和评估的标准。</p>', '入门级', '一周以内', '电话咨询', '语言培训-英语-少儿英语', '/resource/upload/images/2017/11/16/1510799736155010.jpg', '26', '2017-11-16 10:35:36', '1');
INSERT INTO `fh_course` VALUES ('38', '3', '自然拼读奇趣营', '<p>课程特色</p>\r\n\r\n<p>1.&nbsp;根据&nbsp;Phonics from A to Z&nbsp;一书中的说明，</p>\r\n\r\n<p>84%的英文字汇可以用字母拼读的规则念读出来，英孚特色的母语式教学，帮助孩子通过学习字母和发音的对应联系，准确发音，学习拼读单词，告别传统英语学习死记硬背记单词的痛苦，让学单词更轻松。</p>\r\n\r\n<p>2.&nbsp;科学设置教案，采用英语国家在孩子启蒙阶&nbsp;段的英语教学法，把复杂的发音归纳成有规律的、简单的发音，不同于传统国际音标，更适合英语初学者。</p>\r\n\r\n<p>3.&nbsp;针对不同年龄段的儿童语言学习的特点，通过直接学习26个字母及字母组合在单词中的发音规则，建立字母及字母组合如何发音的感知，从而层层递进地系统性学习音素、音位、语音系统和自然拼读法。</p>\r\n\r\n<p>&nbsp;</p>', '入门级', '一周以内', '全日制', '语言培训-英语-少儿英语', '/resource/upload/images/2017/11/16/1510799825607011.jpg', '54', '2017-11-16 10:37:06', '1');
INSERT INTO `fh_course` VALUES ('39', '3', '英语故事表演营', '<p>课程特色</p>\r\n\r\n<p>1.&nbsp;精选英美经典原版童谣，童谣包含配乐、&nbsp;节奏和韵律，语句多重复，孩子很容易模仿跟&nbsp;读，锻炼舌部肌肉的发展，熟悉纯正的语音、&nbsp;语调和节奏。</p>\r\n\r\n<p>2.&nbsp;趣味视频和音频提升孩子的学习兴趣，大量&nbsp;的象声词以及头韵、押韵等修辞手法让童谣朗&nbsp;朗上口，反复的练习帮助孩子们更快记住单词&nbsp;发音，提升孩子的记忆力。</p>\r\n\r\n<p>3.&nbsp;小班授课，通过反复操练帮助孩子熟练背诵&nbsp;童谣，并独立运用肢体语言将童谣表演出来，&nbsp;助力提升孩子自信心和表达能力。</p>', '入门级', '一周以内', '全日制', '语言培训-英语-少儿英语', '/resource/upload/images/2017/11/16/1510799882888012.jpg', '16', '2017-11-16 10:38:03', '1');
INSERT INTO `fh_course` VALUES ('40', '3', '英伦戏剧表演营', '<p>课程特色</p>\r\n\r\n<p>1.&nbsp;精选六个生动有趣的剑桥原版短剧剧本，让孩子们在锻炼语言表达技能的同时感受原汁原味的英伦校园文化。</p>\r\n\r\n<p>2.&nbsp;课堂教学强化口语表达，帮助孩子们在趣&nbsp;味学习的过程中掌握地道的语音、语调，学习&nbsp;表情、动作等身体语言，在舞台上自信地展现自我。</p>\r\n\r\n<p>3.&nbsp;通过不同角色的扮演，共同组建运作小剧团，意在增强团队协作能力和人际交往能力。</p>\r\n\r\n<p>4.&nbsp;教材中包含大量听力、阅读、词汇训练，帮助提高英语综合应用能力，同时通过灵活运用&nbsp;培养孩子们的语言创造性。</p>', '入门级', '一周以内', '全日制', '语言培训-英语-少儿英语', '/resource/upload/images/2017/11/16/1510799936825013.jpg', '74', '2017-11-16 10:38:57', '1');
INSERT INTO `fh_course` VALUES ('41', '3', '3-8年级英语分级备考冲刺营', '<p>课程特色</p>\r\n\r\n<p>1.专业的课程研发团队反复研究的小升初/中考标准和国际英语标准，力求保持教材题材和语&nbsp;言点知识点的准确性和时效性，集中重点小升初/中考英语考试的重点难点语法，提前学习部分初高中语言知识点。</p>\r\n\r\n<p>2.&nbsp;针对考试关键的语法和词汇部分，重点训练，夯实基础。通过系统性提炼总结语法及词汇考点，循环练习历年小升初/中考真题，让孩子在在浸入式环境中提前熟悉考试形式。同时教授做笔记、速读等应试技巧，系统地帮助孩子进行学习和应试准备，锻炼应试技能。</p>\r\n\r\n<p>3.相较于传统英语灌输式的教学方法，英孚教学强调语言输入与输出，通过英语思维的建立，整合语法学习在阅读写作板块的运用，在锻炼应试技能的同时培养英语综合运用能力。</p>\r\n\r\n<p>4.&nbsp;个性化定制：根据孩子每次课堂考试的表现，给予个性化的辅导和帮助，查漏补缺，客观分析孩子的学习状况，协助家长制定后续英语辅导计划。</p>', '入门级', '一周以内', '全日制', '语言培训-英语-少儿英语', '/resource/upload/images/2017/11/16/1510799980106014.jpg', '36', '2017-11-16 10:39:40', '1');
INSERT INTO `fh_course` VALUES ('42', '3', '环球英语探索营', '<p>课程特色</p>\r\n\r\n<p>1.&nbsp;开拓国际视野：通过参与英孚的&ldquo;Let&rsquo;s Talk&rdquo;全英文探索项目，进行课题研究，深入了解各国的历史地理、流行文化、地道美食、名胜古迹、潮流热点，激发孩子的学习兴趣，&nbsp;开拓孩子的视野。</p>\r\n\r\n<p>2.&nbsp;严谨教学：语言教学大纲根据CEFR-即欧盟通&nbsp;用语言教学评估体系设置，涵盖听、说、读、写、语法和词汇，培养英语小能手。</p>\r\n\r\n<p>3.&nbsp;帮助提升开口自信、英语创作和表达能力：发挥想象，利用网络进行信息搜索，创作属于自己的国家探索攻略；阅读旅游日志，用英文向老师和同学进行推介&hellip;&hellip;每周一个新奇而富有挑战的全英文项目，让孩子乐在其中。</p>\r\n\r\n<p>4.&nbsp;英孚经典夏令营课程之一，双向结合语言学习和应用、激发创意并注重实践的多重教学目的，助力提升孩子英语综合能力。</p>', '入门级', '一周以内', '全日制', '语言培训-英语-少儿英语', '/resource/upload/images/2017/11/16/1510800045856015.jpg', '48', '2017-11-16 10:40:46', '1');
INSERT INTO `fh_course` VALUES ('43', '3', '英文分级阅读训练营', '<p>课程特色</p>\r\n\r\n<p>1.&nbsp;根据国际儿童阅读分级标准，精选30本适龄英文原版阅读教材。内容与国际小学教材接轨，确保孩子们读懂文章，消除非母语阅读的陌生感，保持阅读积极性。</p>\r\n\r\n<p>2.&nbsp;阅读题材与英语为母语的国家同龄人同步，包括故事类和非故事类，涉及童话故事、经典传说、自然科学、天文地理等，内容丰富，激发孩子们的阅读兴趣的同时，拓宽知识面。</p>\r\n\r\n<p>3.&nbsp;在英孚老师的专业指导下，孩子们将学习多种阅读技巧和方法，如：掌握上百个高频词汇、根据插图和上下文猜测词意和句意、阅读情节的推理和判断等。这些技能将帮助孩子们克服阅读瓶颈，提升阅读自信心。</p>\r\n\r\n<p>&nbsp;</p>\r\n\r\n<p>4.&nbsp;针对学习过自然拼读法的孩子，该课程将帮助学员从拼读、指读成功过渡到自主阅读。</p>', '入门级', '一周以内', '全日制', '语言培训-英语-少儿英语', '/resource/upload/images/2017/11/16/1510800100059016.jpg', '65', '2017-11-16 10:41:40', '1');
INSERT INTO `fh_course` VALUES ('44', '3', '实用英文写作训练营', '<p>课程特色</p>\r\n\r\n<p>1.&nbsp;综合涉猎小说、新闻、影评、论文4种实用文体，启发性引导学员用地道英语写作，克服学生通过中译英写作的不良习惯，为高中、大学的应用文写作奠定坚实的基础。</p>\r\n\r\n<p>2.&nbsp;注重打好写作基础，通过循序渐进的写作练习，让学生掌握构思、起草、运用进阶词汇，从句和长句，熟练掌握多种体裁的写作手法。</p>\r\n\r\n<p>3.&nbsp;针对中国学生素材积累较少，文字表达能力较弱的问题，该课程让学生欣赏和借鉴大量原版范文和美文欣赏，在提高写作技能的同时也提升了英语阅读能力。</p>', '入门级', '一周以内', '全日制', '语言培训-英语-少儿英语', '/resource/upload/images/2017/11/16/1510800157449017.jpg', '49', '2017-11-16 10:42:37', '1');
INSERT INTO `fh_course` VALUES ('45', '21', '3至6岁幼儿启蒙英语', '<p><strong>【课程简介】</strong></p>\r\n\r\n<p>3-6岁是宝宝接触英语的阶段，这个以后的小学，初中，高中，大学，考研，出国，都需要进行一系列的英语学习，因此奠定启蒙英语基础是非常有必要的。影响到孩子以后的学习。韦博开心豆少儿英语集结了上海市少儿英语培训界的师资，并拥有的原版牛津轿车，和KIDS教学体系，和家庭一般的教学环境，让孩子自然的爱上英语，开口说英语！</p>\r\n\r\n<p><strong>【课程特色】</strong></p>\r\n\r\n<p>&nbsp;</p>\r\n\r\n<p><strong>特色：</strong>牛津教材、全外教、多媒体互动白板 &nbsp; &nbsp; &nbsp; &nbsp;</p>\r\n\r\n<p>1.通过歌曲、手工活动和角色扮演上课，让学龄前孩子集中注意力</p>\r\n\r\n<p>2.用适合学龄前儿童语言的简短对话和语音练习</p>\r\n\r\n<p>3.教学手段创新--互动白板让孩子成为课堂的主人</p>\r\n\r\n<p>4.定期电话回访，和家长沟通涉及学习情况、家庭教育，另一次是给孩子全英语的测试对话</p>\r\n\r\n<p>5.免费外教试听课</p>\r\n\r\n<p>6.教学环境充满童趣，贴近生活，让孩子可以很快投入英语学习的氛围中去。</p>', '入门级', '1年', '电话咨询', '语言培训-英语-少儿英语', '/resource/upload/images/2017/11/16/1510800258292018.jpg', '28', '2017-11-16 10:44:18', '1');
INSERT INTO `fh_course` VALUES ('46', '21', '7至9岁少儿进阶英语课程', '<p>&nbsp;打好基础，赢在起跑线 7-9岁 少儿进阶英语课程</p>\r\n\r\n<p>　　传统教学太过枯燥，孩子无法投入其中，成绩跟不上，你担心TA着急？开心豆带你走出尴尬境地，使用牛津大学出版社为亚洲小学生量身打造的学习教材，配合独创K.I.D.S.教学方法，让英语学习变得生动有趣，让英语的听、说、读、写不再枯燥乏味。</p>\r\n\r\n<p>　　为中国一、二年级小学生量身定制的牛津英语教材，为孩子打好扎实的英语基础</p>\r\n\r\n<p>　　由开心豆和牛津大学出版社共同研发的教材内容紧跟国内、国际小学通用教材教辅，让孩子的英语学习具有系统性与连贯性。教材内更配有可爱的插画图片，能有效激发孩子主动学习、主动探索知识的兴趣，为小学英语奠定扎实的基础。</p>', '初级', '1年', '电话咨询', '语言培训-英语-少儿英语', '/resource/upload/images/2017/11/16/1510800394291019.jpg', '29', '2017-11-16 10:46:34', '1');
INSERT INTO `fh_course` VALUES ('47', '21', '10至12岁少儿精英英语课程', '<p>&nbsp;轻松入读重点中学！</p>\r\n\r\n<p>　　孩子面临升学压力，如何让TA领先一步，轻松学习？计划出国深造，却又担心过不了语言关无法适应异国生活？在这关键时刻，你的忧虑，开心豆都知道。我们采用学院派外教模式的授课方式，让孩子融入真实的语言环境，在原有的基础上快速提升英语口语表达能力与书面写作能力，减轻学习负担，顺利度过转折期，开启人生新篇章！</p>', '初级', '1年', '电话咨询', '语言培训-英语-少儿英语', '/resource/upload/images/2017/11/16/1510800475244020.jpg', '98', '2017-11-16 10:47:55', '1');
INSERT INTO `fh_course` VALUES ('48', '21', '常州3-6岁外教美语课', '<p>开心豆根据 3&mdash;6 岁孩子的心智发育特点和语言接受能力,特别研发了外教启蒙课程旨在让他们轻松学英语、培养起学习英语的浓厚兴趣。</p>\r\n\r\n<p>家与学校联动，营造全英语快乐学习环境</p>\r\n\r\n<p>围绕家和学校这两个环境展开教学，营造轻松、熟悉的全英语学习环境。通过开通，游戏，歌曲，自然拼读等主题课程，寓教于乐，培养浓厚的学习兴趣。</p>', '入门级', '1年', '全日制', '语言培训-英语-少儿英语', '/resource/upload/images/2017/11/16/1510800531212021.jpg', '37', '2017-11-16 10:48:51', '1');
INSERT INTO `fh_course` VALUES ('49', '21', '常州少儿英语在线EnglishPlus课程', '<p>在线English Plus课程</p>\r\n\r\n<p>针对4-7岁或有1-2年英语学习基础的孩子，课程以48个趣味故事为主线教学，让孩子浸润在全英文的趣味学习环境中，培养孩子英文能力，为孩子未来的学习打下坚实的基础。</p>', '入门级', '1年', '全日制', '语言培训-英语-少儿英语', '/resource/upload/images/2017/11/16/1510800604118022.jpg', '72', '2017-11-16 10:50:04', '1');
INSERT INTO `fh_course` VALUES ('50', '21', '常州开心豆少儿英语绘本课程', '<p>绘本课程</p>\r\n\r\n<p>绘本是最适合3-6岁年龄段儿童心理需求与认知能力的阅读读物，绘本阅读在提升语言能力、拓展思维、发散想象力、培养健康向上的人生观等方面皆有着不可估量的作用。</p>', '入门级', '1年', '全日制', '语言培训-英语-少儿英语', '/resource/upload/images/2017/11/16/1510800666493023.jpg', '37', '2017-11-16 10:51:07', '1');
INSERT INTO `fh_course` VALUES ('51', '21', '常州少儿英语7-12岁外教美语课', '<p>7-12岁外教美语课</p>\r\n\r\n<p>过于枯燥的传统教学方式不能很好地引导孩子，而7&mdash;12岁的孩子又刚好面临升学压力，怎么才能让孩子领先一步，轻松闯过升学关呢？&nbsp;</p>', '入门级', '1年', '全日制', '语言培训-英语-少儿英语', '/resource/upload/images/2017/11/16/1510800794273024.jpg', '16', '2017-11-16 10:53:14', '1');
INSERT INTO `fh_course` VALUES ('52', '22', '常州剑桥少儿英语培训', '<p>教学特点：</p>\r\n\r\n<p>沃尔得国际英语创立;沃尔得多元学习法;，结合了全球知名的英语学习系统开发者;培生出版教育集团和德国DP教育集团的英语学习软件，其产品风靡全球数十载，真正成为中国英语培训业史上全新的里程碑。</p>\r\n\r\n<p>教学理念：</p>\r\n\r\n<p>沃尔得创立至今始终坚持以尽可能满足学员需求为核心，因需而变，帮助广大学员快乐、自信、便捷地学好英语，全方位地解决不同学员英语学习中遇到的各种问题和困难，每年为国家公务员、跨国机构、各行业职员、在校学生以及广泛的有英语需求的人在内的数万人提高英语水平。</p>\r\n\r\n<p>英语学习需要坚持，沃尔得始终与您相伴，来吧！加入到沃尔得的队伍中，您将收获：快乐、自信和更加美好的人生！</p>', '入门级', '2-3个月', '电话咨询', '语言培训-英语-少儿英语', '/resource/upload/images/2017/11/16/1510801178568025.jpg', '46', '2017-11-16 10:59:39', '1');
INSERT INTO `fh_course` VALUES ('53', '22', '常州少儿英语培训', '<p>沃尔得少儿英语培训</p>\r\n\r\n<p>&nbsp;</p>\r\n\r\n<p>沃尔得教育集团旗下拥有沃尔得国际英语（成人）、沃尔得少儿英语两个品牌。自2004年3月，沃尔得国际英语携手全球较早英语多媒体教学软件研发机构ELLIS教育集团以及国际互动多媒体语言教学研发机构德国DP教育集团，结合他们几十年在全球近百个国家成功的实践经验，把国际较先进的英语教学软件及服务系统引入中国，针对中国学员的各种实际情况独创&ldquo;沃尔得多元学习法&rdquo;，已经相继在中国的北京、上海、广州、成都、沈阳、南京、青岛、宁波、长沙、苏州、杭州、常州、南通、嘉兴、台州、温岭、宜昌、泉州、扬州、张家港、常熟、永康、济南、大连&hellip;&hellip;等地开办了近五十家成人及少儿英语培训中心。</p>\r\n\r\n<p>&nbsp;</p>\r\n\r\n<p>作为国际级培训机构，沃尔得国际英语为学习者提供了三个语言学习成功的决定性条件：正确的语言学习方法、逼真的母语语言练习环境、以学员为本的品质服务。国际水准的&ldquo;沃尔得多元学习法&rdquo;，依据中国学员的特点，以快乐、自信地达成学员熟练使用英语为目标，创造了一个如同置身海外的英语学习环境，专业外教面对面讲授，个性化、自助式辅助教学，每天的英语沙龙和丰富的课外英语俱乐部活动等等，让学员在与外教的充分交流及中方英语学习辅导老师的辅助服务下掌握纯真英语，提高学员在各种场合的英语交流能力。</p>', '入门级', '2-3个月', '电话咨询', '语言培训-英语-少儿英语', '/resource/upload/images/2017/11/16/1510801285973026.jpg', '86', '2017-11-16 11:01:26', '1');
INSERT INTO `fh_course` VALUES ('54', '24', '小学六年级语文数学英语全科班', '<p><strong>小学六年级全科培训</strong></p>\r\n\r\n<p>&nbsp;</p>\r\n\r\n<p><strong>课程设置：</strong>个性化定制</p>\r\n\r\n<p><strong>适用范围</strong>：小学六年级学生</p>\r\n\r\n<p><strong>课程特色：</strong>查漏补缺前后衔接;高分冲刺优中拔优;掌握良好学习方法,和学习习惯。</p>\r\n\r\n<p><strong>课程定位</strong>：【小学六年级语文】抓住语文课文主要内容,温故而知新,备战小升初! 【小学六年级英语】对小学英语整个阶段进行梳理。内容分为：单词，阅读，语法，语音，完型，写作，易错点等板块提升，应对小升初。 【小学六年级数学】小学六年级数学同步辅导</p>\r\n\r\n<p>&nbsp;</p>', '入门级', '2-3个月', '电话咨询', '学科辅导-小学-语文', '/resource/upload/images/2017/11/16/1510801574018028.jpg', '45', '2017-11-16 11:06:14', '1');
INSERT INTO `fh_course` VALUES ('55', '24', '小学五年级语文数学英语全科班', '<p><strong>小学五年级全科班</strong></p>\r\n\r\n<p>&nbsp;</p>\r\n\r\n<p><strong>课程设置：</strong>个性化定制</p>\r\n\r\n<p><strong>适用范围：</strong>小学五年级学生</p>\r\n\r\n<p><strong>课程特色</strong>：查漏补缺前后衔接;高分冲刺优中拔优;掌握良好学习方法,和学习习惯。</p>\r\n\r\n<p><strong>课程定位</strong>：【小学五年级】全面系统梳理，构建完整知识体系，提前进入小升初备战状态。</p>\r\n\r\n<p><strong>课程内容：</strong></p>\r\n\r\n<p><strong>【小学五年级语文】</strong></p>\r\n\r\n<p>1)学习重在全面系统梳理，构建完整知识体系。</p>\r\n\r\n<p>2)提升字词理解、阅读方法及写作技巧;</p>\r\n\r\n<p>3)激发学生阅读兴趣，练习阅读理解，体会中心思想，积累语言素材;</p>\r\n\r\n<p>4)练习写记实作文、想象作文、读书笔记、书信等，做到内容具体，语句通顺;</p>\r\n\r\n<p>6)在五年级上期时应以字、词、句为主，段、篇、章为辅。</p>\r\n\r\n<p>7)五年级下学期应在字、词、句的基础上，适当提高段、篇、章的比例。让学生学会独立分析课文，赏析课文，提高写作能力，提升个人综合素质。</p>\r\n\r\n<p>8)通过系统训练，让学生提前进入小升初备战状态。</p>\r\n\r\n<p><strong>【小学五年级数学】</strong></p>\r\n\r\n<p>小学五年级数学学习，将培养学生的思维能力放在首要位置。</p>\r\n\r\n<p>重点把握小数和分数的乘除法、简单几何概念、&ldquo;鸡兔同笼&rdquo;等问题。</p>\r\n\r\n<p>培养学生在学习过程中的逻辑思维能力。</p>\r\n\r\n<p>通过增加习题量、典型题分析，提升解题方法及技巧。</p>\r\n\r\n<p>结合学生实际水平进行指导性提升，积极应对小升初。</p>\r\n\r\n<p><strong>【小学五年级英语】</strong></p>\r\n\r\n<p>小学5年级的英语学习，强调孩子表达的准确性。</p>\r\n\r\n<p>1)学习语法，名词、冠词、连词、并列句和复合句，了解并区分八种时态的用法;</p>\r\n\r\n<p>2)掌握语法的构成及词形的变化，理解在不同语境中或不同时间状语下时态的转化;</p>\r\n\r\n<p>3)掌握简单的口头和笔头练习逐步提高他们运用英语的能力。</p>\r\n\r\n<p>4) 能够熟练读通、读懂、课文。</p>\r\n\r\n<p>5)熟悉句型，记住一些句子的固定搭配。</p>\r\n\r\n<p>6)结合历年的考点、难点，综合学生的学习水平，进行有效指导，让学生提前进入备战状态。</p>', '入门级', '2-3个月', '电话咨询', '学科辅导-小学-数学', '/resource/upload/images/2017/11/16/1510801646018029.jpg', '26', '2017-11-16 11:07:26', '1');
INSERT INTO `fh_course` VALUES ('56', '24', '小学四年级语文数学英语全科班', '<p><strong>小学四年级全科班</strong></p>\r\n\r\n<p>&nbsp;</p>\r\n\r\n<p><strong>课程设置：</strong>个性化定制，随到随学</p>\r\n\r\n<p><strong>适用范围：</strong>小学四年级学生</p>\r\n\r\n<p><strong>课程特色</strong>：查漏补缺前后衔接;高分冲刺优中拔优;掌握良好学习方法,和学习习惯。</p>\r\n\r\n<p><strong>课程定位</strong>：【小学四年级语文】综合训练听说读写，练习作文以记叙文为主，常用应用文为辅。 【小学四年级数学】量身定制辅导方案，名师6对1服务，查漏补缺。 【小学4年级的英语】学习音标分类、发音规则，以及相应的习惯用语及固定搭配，夯实基础。</p>\r\n\r\n<p><strong>课程内容:</strong></p>\r\n\r\n<p><strong>【小学四年级语文】</strong></p>\r\n\r\n<p>1)通过听说读写的综合训练，提高听话、说话和作文的能力，加深生字记忆。</p>\r\n\r\n<p>2)听说训练采取多样化训练方式，如听讲、朗读、复述、答问、讨论、口述作文等。</p>\r\n\r\n<p>3)练习作文以记叙文为主，常用应用文为辅。如简单的记叙文，观察日记、读书笔记、书信等。</p>\r\n\r\n<p>4)培养学生关于观察，勇于交际的能力。</p>\r\n\r\n<p>5)通过习作训练，培养学生的写作能力。</p>\r\n\r\n<p>6)培养学生边读边想象的习惯。</p>\r\n\r\n<p>7)积累对联。</p>\r\n\r\n<p>8)培养学生对祖国语言文字的热爱之情。</p>\r\n\r\n<p><strong>【小学四年级数学】</strong></p>\r\n\r\n<p>小学四年级数学学习重在巩固提升。</p>\r\n\r\n<p>1)掌握质量单位，数的乘法、口算、运算以及三角形等主要知识点;</p>\r\n\r\n<p>2)结合学生的生活经验和已有知识体验，通过观察、操作、类比等活动巩固基本知识和技能;</p>\r\n\r\n<p>3)创设生动、有趣的教学情境，激发学习兴趣，提高学习效率。</p>\r\n\r\n<p><strong>【小学四年级的英语】</strong></p>\r\n\r\n<p>小学4年级的英语学习，主要打好扎实的基础。</p>\r\n\r\n<p>1)学习音标分类、发音规则，以及相应的习惯用语及固定搭配;</p>\r\n\r\n<p>2)采取贴近学生、贴近实际的教学方法，帮助学生养成良好的学习习惯，激发学生学习兴趣。</p>\r\n\r\n<p>3)词汇是任何语言的基础，是组成词组、句子、乃至段落和文章的基本元素。对于四年级的孩子来说显得尤为重要。</p>\r\n\r\n<p>4)培养学生逻辑思维能力，记忆能力和学习方法的提高。</p>\r\n\r\n<p>5)3个时态的学习，重点学习人称代词和物主代词，一到一百数字，十二个月份、序数词、星期、日期、名词复数、连词用法.</p>\r\n\r\n<p>6)了解play/read/write等的常用搭配。重点培养孩子在英语听、说、读、写能力的培养。</p>\r\n\r\n<p>7)培养学生良好学习习惯，改进学习方法，掌握解题技巧。</p>\r\n\r\n<p>&nbsp;</p>', '入门级', '1-2个月', '电话咨询', '学科辅导-小学-英语', '/resource/upload/images/2017/11/16/1510801727783030.jpg', '53', '2017-11-16 11:08:48', '1');
INSERT INTO `fh_course` VALUES ('57', '24', '小学三年级语文数学全科班', '<p><strong>小学三年级全科</strong></p>\r\n\r\n<p>&nbsp;</p>\r\n\r\n<p><strong>课程设置：</strong>个性化定制</p>\r\n\r\n<p><strong>适用范围：</strong>小学三年级学生</p>\r\n\r\n<p><strong>课程特色</strong>：查漏补缺前后衔接;高分冲刺优中拔优;掌握良好学习方法,和学习习惯。</p>\r\n\r\n<p><strong>课程定位：</strong>【小学三年级语文】以阅读写作为主，注重知识体系搭和学习方法指导。 【小学三年级数学】小学三年级数学同步辅导</p>\r\n\r\n<p><strong>课程内容：</strong></p>\r\n\r\n<p><strong>【小学三年级语文】</strong></p>\r\n\r\n<p>以阅读写作为主，注重知识体系搭和学习方法指导。</p>\r\n\r\n<p>1)形近字、多音字、数量词的使用、偏正短语(形容词汇等的正确使用).</p>\r\n\r\n<p>2)&ldquo;的、地、得&rdquo;的使用.</p>\r\n\r\n<p>3)近义词、反义词.</p>\r\n\r\n<p>4)课文中成语(及四字词语)、一些描写颜色的词语、还有一些常用的八字成语。</p>\r\n\r\n<p>5)词语方面还需要积累一些如ABB、AABB、ABAB、ABAC等类型的词语及成语中含正反意思的字的成语。</p>\r\n\r\n<p>6)适当的可以使用一些拟人等修辞手法。写作方面以写景、叙事为主，能把所见、所想、所感受到条理清晰、句子完整的写出来即可。</p>\r\n\r\n<p>7)学习在实际运用中正确使用标点符号理解自然段，理解中心句，概括段意。学习抓住特点观察人/物。</p>\r\n\r\n<p><strong>【小学三年级数学】</strong></p>\r\n\r\n<p>小学三年级数学学习重在巩固提升。</p>\r\n\r\n<p>1)掌握质量单位，数的乘法、口算、运算以及三角形等主要知识点;</p>\r\n\r\n<p>2)结合学生的生活经验和已有知识体验，通过观察、操作、类比等活动巩固基本知识和技能;</p>\r\n\r\n<p>3)创设生动、有趣的教学情境，激发学习兴趣，提高学习效率。</p>', '入门级', '2-3个月', '电话咨询', '学科辅导-小学-数学', '/resource/upload/images/2017/11/16/1510801806439031.jpg', '99', '2017-11-16 11:10:06', '1');
INSERT INTO `fh_course` VALUES ('58', '24', '小学数学一对一培训辅导', '<p><strong>学大教育小学数学一对一个性化辅导培训班</strong></p>\r\n\r\n<p><strong>一：小学数学课外辅导必要性</strong></p>\r\n\r\n<p>在数学学习中需要学生理解加、减、乘、除运算法则，更要求培养数感、符号感、分析问题的能力。寒假是复习巩固上学期知识，为以后学习打好基础的重要阶段，尤其是小学生自控能力不是很强，需要通过训练来增加他们的学习能力，培养对学习的爱好。</p>\r\n\r\n<p><strong>二：小学一对一辅导培训对象</strong></p>\r\n\r\n<p>适合人群：小学各年级学生</p>\r\n\r\n<p><strong>三：小学数学课外辅导内容</strong></p>\r\n\r\n<p>为孩子制定科学、高效的寒暑假辅导和课外辅导计划，让孩子的假期生活充实、精彩，学习起来事半功倍。运用丰富、有趣的教学手法激发孩子的学习兴趣，培养良好的学习习惯，让孩子在寒假期间收心学习。紧抓上学期重点、难点、易错点进行复习，有针对性地查缺补漏，夯实基础，让孩子牢记学过的知识。结合学生实际情况预习下学期课程，让孩子在假期中提前掌握新的知识点，为下学期开学铺平道路。</p>\r\n\r\n<p><strong>四：学大1对1辅导优势</strong></p>\r\n\r\n<p>1. 通过在线学科测评找到问题所在，根据学生特点，有针对性的安排一对一辅导课程和时间。</p>\r\n\r\n<p>2.个性化辅导为您精心匹配适合孩子的教师，注重潜能开发、提高记忆力、点拨方法，找到学习兴趣。</p>\r\n\r\n<p>3.无缝隙学程管理，通过回访、学情\\课前交流会、家长会等方式及时向家长反馈学生在学大学习进展及成长状态。</p>\r\n\r\n<p>4.学大特色精品心理课，辅助解决学生厌学、注意力不集中、做作业效率低等困惑，帮助家长与学生进行有效沟通。</p>', '入门级', '1-2个月', '电话咨询', '学科辅导-小学-数学', '/resource/upload/images/2017/11/16/1510801870751032.jpg', '108', '2017-11-16 11:11:11', '1');
INSERT INTO `fh_course` VALUES ('59', '24', '小学语文一对一课外辅导学习班', '<p><strong>小学语文一对一课外辅导学习培训</strong></p>\r\n\r\n<p><strong>一：小学生语文课外辅导意义</strong></p>\r\n\r\n<p>在语文学习中加学生对字、词、句型的学习与积累，训练基础的语文阅读理解与写作的基本功。寒假是复习巩固上学期知识，为以后学习打好基础的重要阶段，尤其是小学生自控能力不是很强，通过一对一辅导能有效提高孩子的学习兴趣，帮助孩子学好语文</p>\r\n\r\n<p><strong>二：小学语文辅导班招生对象</strong></p>\r\n\r\n<p>适合人群：小学各年级学生</p>\r\n\r\n<p><strong>三：学大教育小学语文辅导内容</strong></p>\r\n\r\n<p>1. 为孩子制定科学、高效的寒暑假及课外语文辅导计划，让孩子的假期生活充实、精彩，让学习变得事半功倍。</p>\r\n\r\n<p>2. 运用丰富、有趣的教学手法激发孩子的学习兴趣，培养良好的学习习惯，让孩子在寒暑假假期间收心学习。</p>\r\n\r\n<p>3. 紧抓上学期重点、难点、易错点进行复习，有针对性地查缺补漏，夯实基础，让孩子牢记学过的知识。</p>\r\n\r\n<p>4. 结合学生实际情况预习下学期课程，让孩子在假期中提前掌握新的知识点，为下学期开学铺平道路。</p>\r\n\r\n<p><strong>四：学大教育语文课外辅导优势</strong></p>\r\n\r\n<p>1、课外辅导品质有！</p>\r\n\r\n<p>学大十年专注个性化辅导，有良好的口碑，丰富的经验。有很多孩子在小升初这个重点阶段来学大学习，百分之九十八的学生考入重点中学！</p>\r\n\r\n<p>2、小学语文辅导效果好！</p>\r\n\r\n<p>50天提分230分，92%学员总成绩提高60分以上。</p>\r\n\r\n<p>3、学大教育师资队伍强！</p>\r\n\r\n<p>为给孩子们在小升初阶段保驾护航，学大从全国各地高薪聘请了专家名师来给孩子们上课把关。把孩子交到这些德高望重的教师手里，可谓一百个放心！</p>\r\n\r\n<p>4、学大语文课外辅导秘密武器</p>\r\n\r\n<p>（1）秘密武器之一：给孩子心理的诺亚方舟！</p>\r\n\r\n<p>次面临人生的大考，孩子脆弱的心灵可能有无法承受之重。有了&amp;ldquo;诺亚方舟&amp;rdquo;，孩子就可战胜一切难关！</p>\r\n\r\n<p>（2）秘密武器之二：给孩子防止丢分的法宝！</p>\r\n\r\n<p>粗心者，教他如何注意细节！</p>\r\n\r\n<p>紧张者，教他如何增强自信！</p>\r\n\r\n<p>基础不牢者，教他如何梳理知识，建立知识树！</p>\r\n\r\n<p>（3）秘密武器三：给孩子攻克难关的秘密武器！</p>\r\n\r\n<p>记叙文阅读，如何解读到位拿满分？学大名师告诉你！</p>\r\n\r\n<p>说明文阅读，如何理解说明方法和逻辑拿满分？学大名师告诉你！</p>\r\n\r\n<p>作文如何有真情实感又出彩从而拿满分？学大名师告诉你！</p>', '入门级', '2-3个月', '电话咨询', '学科辅导-小学-语文', '/resource/upload/images/2017/11/16/1510801930047033.jpg', '58', '2017-11-16 11:12:10', '1');
INSERT INTO `fh_course` VALUES ('60', '24', '小学新概念英语一对一辅导班', '<p><strong>小学新概念英语一对一辅导班</strong></p>\r\n\r\n<p><strong>一：学大教育一对一辅导的意义</strong></p>\r\n\r\n<p>学大教育作为个性化辅导教育的首倡者，致力于帮助学生提高他们的学习成绩，激发学生的潜能。通过发现学生的优势，弥补不足，激发学习兴趣，培养好的学习习 惯，树立自信心。学大教育已经制定和实施了一个以结果为导向,以 学生为中心的服务匹配模式。相比传统的班级式辅导，学大教育的服务模式是根据每个学生的需求和喜好量身定制个性化辅导方案，同时匹配全职的专业辅导小组进 行一对一的辅导，学大教育通过提高学生的学习成绩、激发学习兴趣和全方面的提高，已经赢得了成千上万的家长和学生的信赖。</p>\r\n\r\n<p><strong>二：小学新概念英语辅导教育优势</strong></p>\r\n\r\n<p>1：领先的教学理念</p>\r\n\r\n<p>2：全程个性化课外辅导服务流程</p>\r\n\r\n<p>3：丰富的辅导内容</p>\r\n\r\n<p>4：雄厚的师资力量</p>\r\n\r\n<p>5：6对1服务模式</p>\r\n\r\n<p>6：独特的教学特色</p>\r\n\r\n<p><strong>三：新概念英语培训内容</strong></p>\r\n\r\n<p>新概念英语册从最基础的单词，句型教起，从拼写到发音，无所不包。新概念英语册内容看似简单，其实已经把大部分的场景对话和口语基本举行都包括在了 其中，同时，新概念英语册的800词汇全部是英语日常用语中出现频率的词汇，学习者应该完全掌握。同时，在学习新概念英语册的时候应进行大量 的语音语调练习、跟需要较长时间培养良好的发音习惯，这是后面进一步的英语学习所必需的良好的基础。</p>\r\n\r\n<p>在全面掌握新概念英语册的知识后，新概念英语第二册的内容由浅入深，进一步在语法、口语、阅读、写作技能方面进行全面培训，通过独特的文章选材，对关 键句型的分析、词汇基本用法的讲解、摘要写作及作文练习中的串联造句、书信格式与题材的逐步介绍，训练学生用听、说、读、写来实践英语，掌握地道的英语句 型。同时也锻炼了英语四级和T0EFL、IELTS的阅读与听力，对该书文章的朗读与背诵会极大增强您在英语口语和写作方面的能力。</p>', '入门级', '1-2个月', '电话咨询', '学科辅导-小学-英语', '/resource/upload/images/2017/11/16/1510801981391034.jpg', '64', '2017-11-16 11:13:01', '1');
INSERT INTO `fh_course` VALUES ('61', '24', '学大教育小学英语课外辅导培训班', '<p><strong>学大教育小学英语课外辅导培训班</strong></p>\r\n\r\n<p><strong>一：小学英语学习要求</strong></p>\r\n\r\n<p>小学是一个孩子学习之路的开端，是学习思路和学习方法形成的重要阶段，一个好的学习方法以及学习习惯的养成，会使他受益终生。在英语学习中要求学生熟记26个字母及发音，加强音标的读写与运用，熟记单词。小学英语写作要求不高，只要求简单认读，听写和说唱</p>\r\n\r\n<p><strong>二：小学英语辅导目的</strong></p>\r\n\r\n<p>主要针对在校小学生，即7-11岁的儿童所设立的英语教学课程。小学英语的教学目的是培养学生学习英语的浓厚兴趣和良好的语言习惯，打好语音语调基础，培养学生听、说、读、写的初步能力和口头交际能力。</p>\r\n\r\n<p><strong>三：小学英语学习特点</strong></p>\r\n\r\n<p>小学英语这一时期儿童的语法、词汇及会话技能构建的关键时期；处于机械记忆阶段，学得快忘的也很快，语言应用能力不强；开始需要面对学校考试的压力。这个 阶段对于打好语音语调基础至关重要，由于公立学校班级人数过多的因素，儿童在这一阶段很容易产生把英语当成学科而不是语言的错觉，大量时间放在语言输入上而降低了语言输出能力，具体表现就是背单词，背课文，没有主动表达，没有兴趣。因此，通过紧贴新课标的学习进度，系统地梳理各个语法点，消化语言输 入，学会主动表达，锻炼自己的胆量，纠正自己的发音，储备一定量的词汇，显著提高在校学习成绩，最重要的保持对英语的兴趣，而不是走向哑巴英语。</p>\r\n\r\n<p><strong>四：学大教育小学生课外辅导优势</strong></p>\r\n\r\n<p>1 、培养小学生学英语的兴趣</p>\r\n\r\n<p>2、为孩子选择生动有趣的英语学习素材</p>\r\n\r\n<p>3、调动孩子英语学习的积极性</p>\r\n\r\n<p>4、让孩子学会学以致用，培养英语思维</p>', '入门级', '1-2个月', '电话咨询', '学科辅导-小学-英语', '/resource/upload/images/2017/11/16/1510802037937035.jpg', '11', '2017-11-16 11:13:58', '1');
INSERT INTO `fh_course` VALUES ('62', '24', '小学二年级语文数学全科班', '<p><strong>小学二年级全科班</strong></p>\r\n\r\n<p>&nbsp;</p>\r\n\r\n<p><strong>课程设置：</strong>个性化定制</p>\r\n\r\n<p><strong>适用范围：</strong>二年级学生</p>\r\n\r\n<p><strong>课程特色：</strong>查漏补缺前后衔接;高分冲刺优中拔优;掌握良好学习方法和学习习惯。</p>\r\n\r\n<p><strong>课程定位：</strong>【小学2年级】基础知识掌握疏通;掌握良好学习方法。</p>\r\n\r\n<p><strong>课程内容：</strong></p>\r\n\r\n<p><strong>【小学2年级语文】</strong></p>\r\n\r\n<p>以看图书画，说话写话为主，积累语文基础知识，注重习惯，和人格培养。</p>\r\n\r\n<p><strong>一，要反复识记生字。</strong></p>\r\n\r\n<p>认生字写生字，认生字，要领读几遍，再讲解几遍，讲解时，应结合学生的固有知识，采取加偏旁去偏旁，由旧字认新字，或编故事、谜语帮助认生字。其后。由认全生字的学生领读，老师巡视、监督学生跟读情况。</p>\r\n\r\n<p>领读十几遍后，再点名认生字。重点是识字能力差的学生。</p>\r\n\r\n<p><strong>二，课外练习要严加要求</strong></p>\r\n\r\n<p>课外练习，就是写生字，反复练习。一是锻炼学生写字能力，即练手练脑。二是加深印象。二年级学生必须加练组词。布置课外练习任务是以最差的学生能完成为标准，一旦布置，必须一丝不苟的完成。检查是完成不了，要采取严厉措施让其完成。</p>\r\n\r\n<p><strong>三，写字严格要求</strong></p>\r\n\r\n<p>要写的字，必须讲其结构，并范写，强调如何写好看，当堂描红、练习。及时纠正错误写法。平时写字，如果写乱，则命其重写。</p>\r\n\r\n<p><strong>四，复习时加强训练</strong></p>\r\n\r\n<p>有前面几项的基础，复习时有几次模拟训练即可使学生成绩飞速提高，要教给学生如何做题，要先易后难，在规定时间内必须做完。</p>\r\n\r\n<p><strong>【小学2年级数学】</strong></p>\r\n\r\n<p>小学二年级数学学习的主要的目的是：培养学生对数学的兴趣。</p>\r\n\r\n<p>1)重点掌握数学方法之枚举法、计数问题、一笔画问题、找规律以及趣味数学题;</p>\r\n\r\n<p>2)将知识的趣味化和生动化进行有效结合，激发学生学习热情，提高学习效率;</p>\r\n\r\n<p>3)培养学生对数学的兴趣，使之形成主动学习、思考的良好习惯。</p>', '入门级', '2-3个月', '电话咨询', '学科辅导-小学-语文', '/resource/upload/images/2017/11/16/1510802094078036.jpg', '78', '2017-11-16 11:14:54', '1');
INSERT INTO `fh_course` VALUES ('63', '25', '昂立国际幼儿英语一级', '<p>昂立国际幼儿英语一级上：</p>\r\n\r\n<p>课时：60L 学期：5个月左右 适合年龄：3-6岁 备注:含启航1书300，小精灵398</p>\r\n\r\n<p>昂立国际幼儿英语一级下：</p>\r\n\r\n<p>课时：60L 学期：5个月左右 适合年龄：3-6岁 备注:含启航2书300，小精灵398</p>', '入门级', '1年', '自由安排', '语言培训-英语-少儿英语', '/resource/upload/images/2017/11/16/1510802235842037.jpg', '95', '2017-11-16 11:17:16', '1');
INSERT INTO `fh_course` VALUES ('64', '25', '昂立国际少儿英语一级', '<p>昂立国际少儿英语一级上：</p>\r\n\r\n<p>课时： 60L 学期： 5个月左右 适合年龄：7-9岁 备注:含启航3书300，小精灵398</p>\r\n\r\n<p>昂立国际少儿英语一级下：</p>\r\n\r\n<p>课时： 60L 学期： 5个月左右 适合年龄：7-9岁 备注:含启航4书300，小精灵398</p>', '入门级', '1年', '自由安排', '语言培训-英语-少儿英语', '/resource/upload/images/2017/11/16/1510802344482038.jpg', '26', '2017-11-16 11:19:04', '1');
INSERT INTO `fh_course` VALUES ('65', '25', '昂立国际少儿英语二级', '<p>昂立国际少儿英语二级上：</p>\r\n\r\n<p>课时：60L 学期：5个月左右 适合年龄：3-6岁 备注:含启航5书300，小精灵398</p>\r\n\r\n<p>昂立国际少儿英语二级下：</p>\r\n\r\n<p>课时：60L 学期：5个月左右 适合年龄：3-6岁 备注:含启航6书300，小精灵398</p>', '入门级', '1年', '自由安排', '语言培训-英语-少儿英语', '/resource/upload/images/2017/11/16/1510802439201039.jpg', '71', '2017-11-16 11:20:39', '1');
INSERT INTO `fh_course` VALUES ('66', '25', '昂立国际少儿新语音', '<p>昂立国际少儿新语音上：</p>\r\n\r\n<p>课时：60L 学期： 5个月左右 适合年龄：7-9岁 备注:含Phonics1书256</p>\r\n\r\n<p>昂立国际少儿新语音下：</p>\r\n\r\n<p>课时：60L 学期： 5个月左右 适合年龄：7-9岁 备注:含Phonics2书256</p>', '入门级', '1年', '自由安排', '语言培训-英语-少儿英语', '/resource/upload/images/2017/11/16/1510802507997040.jpg', '28', '2017-11-16 11:21:48', '1');
INSERT INTO `fh_course` VALUES ('67', '25', '昂立新进阶少儿英语1级', '<p>昂立新进阶少儿英语1级上：</p>\r\n\r\n<p>课时：81L 学期：6个月左右 适合年龄：8-9岁 备注:含新进阶级1上书和云端作业系统</p>\r\n\r\n<p>昂立新进阶少儿英语1级下：</p>\r\n\r\n<p>课时：81L 学期：6个月左右 适合年龄：8-9岁 备注:含新进阶级1下书和云端作业系统</p>', '入门级', '1年', '自由安排', '语言培训-英语-少儿英语', '/resource/upload/images/2017/11/16/1510802583168041.jpg', '87', '2017-11-16 11:23:03', '1');
INSERT INTO `fh_course` VALUES ('68', '25', '昂立新进阶少儿英语2级', '<p>　昂立新进阶少儿英语2级上：</p>\r\n\r\n<p>　　课时：81L 学期：6个月左右 适合年龄：9-11岁 备注:含新进阶2级上书和云端作业系统</p>\r\n\r\n<p>　　昂立新进阶少儿英语2级下：</p>\r\n\r\n<p>　　课时：81L 学期：6个月左右 适合年龄：9-11岁 备注:含新进阶2级下书和云端作业系统</p>', '入门级', '1年', '自由安排', '语言培训-英语-少儿英语', '/resource/upload/images/2017/11/16/1510802671262042.jpg', '28', '2017-11-16 11:24:31', '1');
INSERT INTO `fh_course` VALUES ('69', '25', '昂立新进阶少儿英语3级', '<p>昂立新进阶少儿英语3级上：</p>\r\n\r\n<p>　　课时：81L 学期：6个月左右 适合年龄：10-11岁 备注:含进3上书160，唯智360或小精灵398</p>\r\n\r\n<p>　　昂立新进阶少儿英语3级下：</p>\r\n\r\n<p>　　课时：81L 学期：6个月左右 适合年龄：10-11岁 备注:含进3下书160，唯智360或小精灵398</p>', '入门级', '1年', '自由安排', '语言培训-英语-少儿英语', '/resource/upload/images/2017/11/16/1510802727824043.jpg', '24', '2017-11-16 11:25:28', '1');
INSERT INTO `fh_course` VALUES ('70', '25', '【二、三年级】新呼吸作文一级', '<p>◆课程价格：可至各校区前台详细咨询</p>\r\n\r\n<p>　　◆开课人数：8-20人 小班授课</p>\r\n\r\n<p>　　◆适合年龄：二、三年级</p>\r\n\r\n<p>　　◆课时安排：20次/3L 共5个月左右</p>\r\n\r\n<p>　　◆学习内容：</p>\r\n\r\n<p>　　结合新课结构框架，掌握记叙文的4种类型与基本写法;锻炼及培养孩子孩子的观察和阅读能力;在规定的时间内独立完成350字左右的作文。</p>', '入门级', '1年', '自由安排', '学科辅导-小学-英语', '/resource/upload/images/2017/11/16/1510802871745044.jpg', '63', '2017-11-16 11:27:52', '1');
INSERT INTO `fh_course` VALUES ('71', '25', '【二年级】小呼吸作文一级', '<p>◆课程价格：可至各校区前台详细咨询</p>\r\n\r\n<p>　　◆开课人数：8-20人 小班授课</p>\r\n\r\n<p>　　◆适合年龄：二年级</p>\r\n\r\n<p>　　◆课时安排：20次/3L 共5个月左右</p>\r\n\r\n<p>　　◆学习内容：</p>\r\n\r\n<p>　　【小呼吸作文一级】</p>\r\n\r\n<p>　　掌握并自如运用写作最基本的句式与方法，为写作打下夯实的基础，培养好的阅读习惯，写出完整、规范、流畅、生动的日记和作文。</p>', '入门级', '1年', '自由安排', '学科辅导-小学-英语', '/resource/upload/images/2017/11/16/1510803088775045.jpg', '17', '2017-11-16 11:31:29', '1');
INSERT INTO `fh_course` VALUES ('72', '25', '【三、四年级】新呼吸作文二级', '<p>　◆课程价格：可至各校区前台详细咨询</p>\r\n\r\n<p>　　◆开课人数：8-20人 小班授课</p>\r\n\r\n<p>　　◆适合年龄：三、四年级</p>\r\n\r\n<p>　　◆课时安排：20次/3L 共5个月左右</p>\r\n\r\n<p>　　◆学习内容：</p>\r\n\r\n<p>　　在规定的时间内独立完成400字左右细致生动的作文;增加语言积累，促进思维发展;解决长期写作困难，轻松应对考试作文。</p>', '入门级', '1年', '自由安排', '学科辅导-小学-英语', '/resource/upload/images/2017/11/16/1510809794246049.jpg', '64', '2017-11-16 13:23:14', '1');
INSERT INTO `fh_course` VALUES ('73', '25', '常州五年级英语辅导培训', '<p>◆课程价格：可至各校区前台详细咨询</p>\r\n\r\n<p>　　◆开课人数：8-20人 小班授课</p>\r\n\r\n<p>　　◆适合年龄：五年级</p>\r\n\r\n<p>　　◆课时安排：27次/3L 共6个月左右</p>\r\n\r\n<p>　　◆学习内容：</p>\r\n\r\n<p>　　☛专家编审;</p>\r\n\r\n<p>　　☛内容由浅入深，以循序渐进的方式呈现;</p>\r\n\r\n<p>　　☛通过有趣的活动及反复的练习，为孩子奠定听、说、读、写的雄厚基础。</p>\r\n\r\n<p>　　数字表达，月份拼写，动词将来时形式，日期和月份问答</p>\r\n\r\n<p>　　一般将来时的两种肯定表达</p>\r\n\r\n<p>　　一般将来时的两种否定表达</p>\r\n\r\n<p>　　一般将来时的提问及其肯否定回答</p>\r\n\r\n<p>　　特殊疑问句及其肯、否定回答，英语表述数学加减法，情态动词can的用法，There be 句型的用法。</p>', '入门级', '1年', '自由安排', '学科辅导-小学-英语', '/resource/upload/images/2017/11/16/1510809943078050.jpg', '31', '2017-11-16 13:25:43', '1');
INSERT INTO `fh_course` VALUES ('74', '25', '【一年级】培优大语文培训班', '<p>运用百家讲坛式讲法让孩子会学习、能表达，爱上语文，做有修养的人!6年耕耘，收获颇丰：赏析90部经典名著;精读150篇文言文;背诵180首古诗词;积累200句金玉良言;完成90篇作文。</p>\r\n\r\n<p>　　◆课程价格：可至各校区前台详细咨询</p>\r\n\r\n<p>　　◆开课人数：8-20人 小班授课</p>\r\n\r\n<p>　　◆适合年龄：一年级(暑秋)</p>\r\n\r\n<p>　　◆课时安排：25次/3L 6个月左右;</p>\r\n\r\n<p>　　◆学习内容：</p>\r\n\r\n<p>　　古代文学、经典阅读、新派作文三大板块全面提升孩子语文素养：一二年级着力于蒙学国学、儿童文学、 绘本教学的相关内容 ;</p>', '入门级', '1年', '自由安排', '学科辅导-小学-语文', '/resource/upload/images/2017/11/16/1510810002455051.jpg', '37', '2017-11-16 13:26:42', '1');
INSERT INTO `fh_course` VALUES ('75', '25', '常州小学辅导培训', '<p>◆课程价格：可至各校区前台详细咨询</p>\r\n\r\n<p>　　◆开课人数：8-20人 小班授课</p>\r\n\r\n<p>　　◆适合年龄：五年级</p>\r\n\r\n<p>　　◆课时安排：27次/3L 共6个月左右</p>\r\n\r\n<p>　　◆学习内容：</p>\r\n\r\n<p>　　☛专家编审;</p>\r\n\r\n<p>　　☛内容由浅入深，以循序渐进的方式呈现;</p>\r\n\r\n<p>　　☛通过有趣的活动及反复的练习，为孩子奠定听、说、读、写的雄厚基础。</p>\r\n\r\n<p>　　数字表达，月份拼写，动词将来时形式，日期和月份问答</p>\r\n\r\n<p>　　一般将来时的两种肯定表达</p>\r\n\r\n<p>　　一般将来时的两种否定表达</p>\r\n\r\n<p>　　一般将来时的提问及其肯否定回答</p>\r\n\r\n<p>　　特殊疑问句及其肯、否定回答，英语表述数学加减法，情态动词can的用法，There be 句型的用法。</p>', '入门级', '1年', '自由安排', '学科辅导-小学-数学', '/resource/upload/images/2017/11/16/1510810109082052.jpg', '24', '2017-11-16 13:28:29', '1');
INSERT INTO `fh_course` VALUES ('76', '25', '常州五年级学霸班', '<p>五年级学霸班上：</p>\r\n\r\n<p>　　课时：90L 学期：6个月左右 适合年龄：五年级</p>\r\n\r\n<p>　　五年级学霸班下：</p>\r\n\r\n<p>　　课时：66L 学期：6个月左右 适合年龄：五年级</p>\r\n\r\n<p>　　◆课程价格：可至各校区前台详细咨询</p>\r\n\r\n<p>　　◆开课人数：8-20人 小班授课</p>\r\n\r\n<p>　　◆课时安排：20次/3L 共5个月左右</p>\r\n\r\n<p>　　◆学习内容：</p>\r\n\r\n<p>　　【小呼吸作文一级】</p>\r\n\r\n<p>　　掌握并自如运用写作最基本的句式与方法，为写作打下夯实的基础，培养好的阅读习惯，写出完整、规范、流畅、生动的日记和作文。</p>', '入门级', '1年', '自由安排', '学科辅导-小学-语文', '/resource/upload/images/2017/11/16/1510810309509053.jpg', '74', '2017-11-16 13:31:50', '1');
INSERT INTO `fh_course` VALUES ('77', '25', '常州六年级学霸班', '<p>六年级学霸班上：</p>\r\n\r\n<p>课时：90L 学期：6个月左右 适合年龄：小学六年级</p>\r\n\r\n<p>六年级学霸班下：</p>\r\n\r\n<p>课时：66L 学期：6个月左右 适合年龄：小学六年级</p>', '入门级', '1年', '自由安排', '学科辅导-小学-语文', '/resource/upload/images/2017/11/16/1510810390793054.jpg', '46', '2017-11-16 13:33:11', '1');
INSERT INTO `fh_course` VALUES ('78', '25', '1-2年级】少儿新语音（上）', '<p>◆课程价格：可至各校区前台详细咨询</p>\r\n\r\n<p>　　◆开课人数：8-20人 小班授课</p>\r\n\r\n<p>　　◆适合年龄：一、二年级</p>\r\n\r\n<p>　　◆课时安排：20次/3L 共5个月左右</p>\r\n\r\n<p>　　◆学习内容：</p>\r\n\r\n<p>　　☛自然拼读;</p>\r\n\r\n<p>　　☛见字能读;</p>\r\n\r\n<p>　　☛听音能写。</p>\r\n\r\n<p>　　熟练掌握26个字母，以及长元音和短元音的发音，直接拼读单词。</p>', '入门级', '1-2个月', '自由安排', '学科辅导-小学-英语', '/resource/upload/images/2017/11/16/1510810491420055.jpg', '67', '2017-11-16 13:34:51', '1');
INSERT INTO `fh_course` VALUES ('79', '25', '常州ACE高分突破培训班', '<p>ACE高分突破：</p>\r\n\r\n<p>学习效果: 以小学阶段的300个词汇为基础，累计学习新单词1000左右，学习小学阶段要求掌握的全部语法知识点</p>\r\n\r\n<p>课程特色:帮助5,6年级基础薄弱的学生，全面学习小学阶段的英语知识，为考入优异的初中打下基础</p>\r\n\r\n<p>ACE双语网球课程全部小班授课，每个班次6-8个孩子，严格控制人数，以上课质量。</p>', '入门级', '3-6个月', '自由安排', '学科辅导-小学-英语', '/resource/upload/images/2017/11/16/1510810543578056.jpg', '47', '2017-11-16 13:35:44', '1');
INSERT INTO `fh_course` VALUES ('80', '25', '常州少儿英语一级培训', '<p>　◆课程价格：可至各校区前台详细咨询</p>\r\n\r\n<p>　　◆开课人数：8-20人 小班授课</p>\r\n\r\n<p>　　◆适合年龄：一、二年级</p>\r\n\r\n<p>　　◆课时安排：20次/3L 共5个月左右</p>\r\n\r\n<p>　　◆学习内容：</p>\r\n\r\n<p>　　☛英语童话故事+英文歌曲律动+新鲜美语对话;</p>\r\n\r\n<p>　　☛适合孩子爱听故事，爱动，爱表演的年龄特点;</p>\r\n\r\n<p>　　☛充分调动和开发孩子的八大智能。</p>\r\n\r\n<p>　　学习四个童话故事：龟兔赛跑，放羊的孩子，斧子的故事和三只小猪。课程在昂幼前两个故事基础上加深难度，通过视频动画学习故事后，不仅要求儿童生动自如表演故事，还可以使儿童举一反三，将故事中的句子用于日常生活和口语交际表达中。</p>', '入门级', '3-6个月', '自由安排', '学科辅导-小学-英语', '/resource/upload/images/2017/11/16/1510810592735057.jpg', '21', '2017-11-16 13:36:33', '1');
INSERT INTO `fh_course` VALUES ('81', '25', '【六年级】思维训练（下）', '<p>◆课程价格：可至各校区前台详细咨询</p>\r\n\r\n<p>　　◆开课人数：8-20人 小班授课</p>\r\n\r\n<p>　　◆适合年龄：六年级</p>\r\n\r\n<p>　　◆课时安排：26次/3L 共6个月左右</p>\r\n\r\n<p>　　◆学习内容：</p>\r\n\r\n<p>　　贴合小学段数学大纲，紧扣三至六年级重难点，强化小升初必考知识点，着重培养影响孩子一生的思维能力和学习习惯。</p>', '入门级', '1年', '自由安排', '学科辅导-小学-数学', '/resource/upload/images/2017/11/16/1510810782834058.jpg', '14', '2017-11-16 13:39:43', '1');
INSERT INTO `fh_course` VALUES ('82', '25', '【三年级】思维训练（下）', '<p>　◆课程价格：可至各校区前台详细咨询</p>\r\n\r\n<p>　　◆开课人数：8-20人 小班授课</p>\r\n\r\n<p>　　◆适合年龄：三年级</p>\r\n\r\n<p>　　◆课时安排：26次/3L 共6个月左右</p>\r\n\r\n<p>　　◆学习内容：</p>\r\n\r\n<p>　　贴合小学段数学大纲，紧扣三至六年级重难点，强化小升初必考知识点，着重培养影响孩子一生的思维能力和学习习惯。</p>', '入门级', '1-2个月', '自由安排', '学科辅导-小学-数学', '/resource/upload/images/2017/11/16/1510810840695059.jpg', '53', '2017-11-16 13:40:41', '1');
INSERT INTO `fh_course` VALUES ('83', '25', '小呼吸作文培训', '<p>小呼吸写作一 级：</p>\r\n\r\n<p>课时：60L 学期： 5个月左右 适合年龄： 一、二年级</p>\r\n\r\n<p>小呼吸写作二级：</p>\r\n\r\n<p>课时：60L 学期： 5个月左右 适合年龄： 一、二年级</p>\r\n\r\n<p>锻炼及培养孩子的观察和阅读能力</p>\r\n\r\n<p>◆课程价格：可至各校区前台详细咨询</p>\r\n\r\n<p>◆开课人数：8-20人 小班授课</p>\r\n\r\n<p>◆适合年龄：二、三年级</p>\r\n\r\n<p>◆课时安排：20次/3L 共5个月左右</p>\r\n\r\n<p>◆学习内容：</p>\r\n\r\n<p>结合新课结构框架，掌握记叙文的4种类型与基本写法；锻炼及培养孩子孩子的观察和阅读能力；在规定的时间内独立完成350字左右的作文。</p>', '入门级', '1年', '自由安排', '学科辅导-小学-语文', '/resource/upload/images/2017/11/16/1510810924275060.jpg', '62', '2017-11-16 13:42:04', '1');
INSERT INTO `fh_course` VALUES ('84', '25', '常州新深呼吸作文一级', '<p>新呼吸作文一级：</p>\r\n\r\n<p>课时：60L 学期：5个月左右 适合年龄：三、四年级</p>\r\n\r\n<p>新呼吸作文二级：</p>\r\n\r\n<p>课时：60L 学期：5个月左右 适合年龄：四、五年级</p>\r\n\r\n<p>新呼吸作文三级：</p>\r\n\r\n<p>课时：60L 学期：5个月左右 适合年龄：五年级上</p>\r\n\r\n<p>◆课程价格：可至各校区前台详细咨询</p>\r\n\r\n<p>◆开课人数：8-20人 小班授课</p>\r\n\r\n<p>◆适合年龄：五、六年级</p>\r\n\r\n<p>◆课时安排：20次/3L 共5个月左右</p>\r\n\r\n<p>◆学习内容：</p>\r\n\r\n<p>40分钟内独立完成500字以上作文，常用写作文体掌握及运用。</p>', '入门级', '1年', '自由安排', '学科辅导-小学-语文', '/resource/upload/images/2017/11/16/1510811013106061.jpg', '42', '2017-11-16 13:43:33', '1');
INSERT INTO `fh_course` VALUES ('85', '25', '新深呼吸作文', '<p>新深呼吸作文一级（妙笔直通车）：</p>\r\n\r\n<p>课时：60L 学期：5个月左右 适合年龄：五、六年级</p>\r\n\r\n<p>新深呼吸作文二级（考场大突破）：</p>\r\n\r\n<p>课时：60L 学期：5个月左右 适合年龄：五、六年级</p>\r\n\r\n<p>◆课程价格：可至各校区前台详细咨询</p>\r\n\r\n<p>◆开课人数：8-20人 小班授课</p>\r\n\r\n<p>◆适合年龄：五、六年级</p>\r\n\r\n<p>◆课时安排：20次/3L 共5个月左右</p>\r\n\r\n<p>◆学习内容：</p>\r\n\r\n<p>40分钟内独立完成500字以上作文，常用写作文体掌握及运用。</p>', '入门级', '1年', '自由安排', '学科辅导-小学-语文', '/resource/upload/images/2017/11/16/1510811149781062.jpg', '31', '2017-11-16 13:45:50', '1');
INSERT INTO `fh_course` VALUES ('86', '25', '语文培优班幼小衔接', '<p>运用百家讲坛式讲法让孩子会学习、能表达，爱上语文，做有修养的人！6年耕耘，收获颇丰：赏析90部经典名著；精读150篇文言文；背诵180首古诗词；积累200句金玉良言；完成90篇作文。</p>\r\n\r\n<p>◆课程价格：可至各校区前台详细咨询</p>\r\n\r\n<p>◆开课人数：8-20人 小班授课</p>\r\n\r\n<p>◆适合年龄：一年级（暑秋）</p>\r\n\r\n<p>◆课时安排：25次/3L &nbsp;6个月左右；</p>\r\n\r\n<p>◆学习内容：</p>\r\n\r\n<p>古代文学、经典阅读、新派作文三大板块全面提升孩子语文素养：一二年级着力于蒙学国学、儿童文学、 绘本教学的相关内容 ；</p>', '入门级', '3-6个月', '自由安排', '学科辅导-学前-早教', '/resource/upload/images/2017/11/16/1510811221673063.jpg', '42', '2017-11-16 13:47:02', '1');
INSERT INTO `fh_course` VALUES ('87', '26', '重点课程：小学辅导', '<p>课程内容星火的1对1辅导，不仅&ldquo;1V1&rdquo;教学，而且&ldquo;6V1&rdquo;服务，学习管理师。孩子将受到全程学习跟踪服务，培养优秀学习习惯。</p>\r\n\r\n<p>第二，个性化教育专家。为孩子提供专门的辅导教材，将关键考点和重点难点集中于一起攻破。</p>\r\n\r\n<p>第三，陪读师。除了正常上课时间外，还有专门的优秀陪读师，为孩子答疑解惑。</p>\r\n\r\n<p>第四，学科教师。1v1面对面教学，不局限于学科知识，更学会解题技巧和学习方法。</p>\r\n\r\n<p>第五，教育咨询师。优秀的教育咨询师根据孩子的学习情况，科学地分析其问题所在，修改辅导方案。</p>\r\n\r\n<p>第六，心理辅导师。孩子在高强度的学习情况下，心理不免会发生变化。1对1辅导配有心理辅导师与孩子同步学习，担任孩子的心理导航。</p>', '高级', '3-6个月', '电话咨询', '学科辅导-小学-数学', '/resource/upload/images/2017/11/16/1510811544088066.jpg', '24', '2017-11-16 13:52:24', '1');
INSERT INTO `fh_course` VALUES ('88', '26', '常州数学尖子班培训', '<p>数学尖子班是针对小学到高中的学生，在数学上有提升需要的同学专门设计的暑假和秋季课程;初一主要是做好小学生到初中的衔接课程，巩固小学阶段的中难点基础的同时，预习新初一的课程，让学生在初一入学阶段就能轻松接受新知识，领先其他同学一步。</p>\r\n\r\n<p>初二阶段是突出初中知识升级的阶段，初一核心的是代数的因式分解，初二在三角形部分是重点，也是核心的难点，学生必须要学习好的!也是整个初中数学的分层的开始，学生成绩就此拉开差距!</p>\r\n\r\n<p>高中，小学阶段也是这样分配。</p>', '高级', '2-3个月', '电话咨询', '学科辅导-小学-数学', '/resource/upload/images/2017/11/16/1510811623559067.jpg', '76', '2017-11-16 13:53:44', '1');
INSERT INTO `fh_course` VALUES ('89', '27', '常州新世界少年新概念培训', '<p><strong>少年新概念-常州新世界外语培训学校</strong></p>\r\n\r\n<p>独创的六维跨越式教学法</p>\r\n\r\n<p>重点知识结构梳理、核心词汇语法精讲、听说读写分项攻关</p>\r\n\r\n<p>全脑学习事半功倍、思维导图加速记忆、中考高考轻松应对</p>\r\n\r\n<p><strong>学习内容：</strong></p>\r\n\r\n<p>基本语音、语调（补充包括所有的音标、连读、同化）及英语中的基本语法、词法、句法及句型结构知识。</p>\r\n\r\n<p><strong>特色成就：</strong></p>\r\n\r\n<p>1）历史：新世界开办新概念教育15年，每年培养新概念学员上万名；</p>\r\n\r\n<p>2）助教：每个班级配备专职助教全天候辅导清除薄弱环节；</p>\r\n\r\n<p>3）反馈：班主任负责制，阶段性学习效果以书面评估的方式反馈家长；</p>\r\n\r\n<p>4）班级：学员中小学生独立编班，规模少于20人；</p>\r\n\r\n<p>5）课时：每次精品授课2.5小时，充分吸收所学知识；</p>\r\n\r\n<p>6）教法：针对中小学生心理和思维特点，充分开发学习兴趣；</p>\r\n\r\n<p>7）师资：200名专业的新概念名师，成立全国新概念研究中心；</p>\r\n\r\n<p>8）考试：与中高考紧密结合，考试重难点一网打尽。</p>', '入门级', '一周以内', '电话咨询', '语言培训-英语-少儿英语', '/resource/upload/images/2017/11/16/1510811949083068.jpg', '78', '2017-11-16 13:59:09', '1');
INSERT INTO `fh_course` VALUES ('90', '28', '常州精锐小学生快乐英语班', '<p>小学：快速强化小升初常考词汇、语法，进行精读训练，提高英语阅读能力</p>\r\n\r\n<p>树立正确目标 规划学习旅程</p>\r\n\r\n<p>每个孩子的学习都是一个长期的过程。精锐1对1针对学生各阶段的生理、心理发展特点，专研一年级到六年级的知识分布，先给孩子树立一个正确目标，触发孩子学习动力，然后帮助孩子规划学习步骤，规划好小学各阶段的学习计划，向着目标前进。</p>\r\n\r\n<p>提升学习兴趣培养良好习惯这个阶段是孩子成长过程的步，孩子对知识的认知已经从单纯的概念记忆转折到了初步理解、甚至深度思考的程度。我们总结出了一套 系统、针对性强而有效的方案，帮助启发孩子思维，培养孩子的学习习惯，为以后的成长奠定良好的基础。 兴趣是学生学习的原动力，精锐1对1结合独创 UPC<sup>TM</sup>高效学习法，针对小学生的年龄特点和学习心理，着重于兴趣培养。</p>', '入门级', '一周以内', '全日制', '学科辅导-小学-英语', '/resource/upload/images/2017/11/16/1510814156690069.jpg', '89', '2017-11-16 14:35:57', '1');
INSERT INTO `fh_course` VALUES ('91', '28', '常州精锐奥数辅导班', '<p>六年级小升初奥数班常州精锐有吗?一对一多少钱</p>\r\n\r\n<p>　　有许多家长和学生都希望能找到一种非常好的小学奥数学习方法。说实话，要想学好奥数首先得将学校的数学学习好，奥数是基于课本知识但又高于课本知识。奥数主要是锻炼学生的思维能力，开发学生的智力，锻炼学生学习的耐心和细心。</p>\r\n\r\n<p>　　有的人认为学习是一门苦差事，也有的人认为学习是一种很有意思的事，觉得学习很轻松很快乐。其实人在智力上并没有多大的区别，主要是学习习惯或学习方法不对头，所以才导致很多人觉得学习很难，很怕学习。学习并没有捷径可行，它是一种扎扎实实的积累，是不断进步不断更新的思考。要想一口吃个胖子那是不可能的事，所以很诚恳的告诉家长和学生们，不要急于求成，必须一步一个脚印的去学习。</p>\r\n\r\n<p>　　下面是我自己总结的几种学习方法，希望对您有所帮助。也希望您能静下心来读一读。相信会对您有所帮助。</p>\r\n\r\n<p>　　种：记笔记。</p>\r\n\r\n<p>　　这方法其实很普遍也很简单，但恰恰是很多同学不容易做到的，记笔记有很多好处，一是可以把老师的精华记录下来方便复习，二是练习学生的书写能力，三是可以让学生养成边听边写的学习能力，这对于提高学习效率是非常有效的。</p>\r\n\r\n<p>　　第二种：错题本。</p>\r\n\r\n<p>　　很多孩子都马虎，但有些马虎其实是同学对知识点理解不清晰造成的，这类的题目一定要记录下来。还有的是出题者故意设计的陷阱，这也可以记录下来，定时复习，久了之后很多马虎自然而然地就避免了。</p>\r\n\r\n<p>　　第三种：题目分类本。</p>\r\n\r\n<p>　　和错题本一样，专门记录自己做过的试题，分类指的是将自己做过的试题分为几大类，一类是极其简单，自己一看就会的。一类是有一定难度，需要思考找到突破口的，还有一类就是难度很大，需要综用很多知识并进行推理才能解答的，后两类都应该是我们的记录重点。在对试题分类的过程中同学自然地就增强了对试题的进一步理解。</p>\r\n\r\n<p>　　第四种：旧题新解。</p>\r\n\r\n<p>　　不定时的翻翻原来做过的试题，但是重点是思考有没有新的解题思路和解题技巧。这样不断地增加思考有利于形成学生思考习惯的形成，也有利于学生发散思维的形成，多角度考察问题的思路，并随时利用新学知识去解决问题。</p>\r\n\r\n<p>　　第五种：学习小组。</p>\r\n\r\n<p>　　定期地和小组成员分享好试题，好方法，好技巧，好经验，即可以增加同学之间的情感，又可以在交朋友的过程学习到新的东西，提高学习效率，培养合作精神，增强协调能力。</p>', '入门级', '1-2个月', '电话咨询', '学科辅导-小学-数学', '/resource/upload/images/2017/11/16/1510814375456070.jpg', '53', '2017-11-16 14:39:35', '1');
INSERT INTO `fh_course` VALUES ('92', '28', '常州精锐小升初培训', '<p>提供小升初政策解析；择校简历，面试指导</p>\r\n\r\n<p>整理学校课程知识点，夯实学习基础</p>\r\n\r\n<p>提供数学，英语，作文等专题针对性训练</p>', '入门级', '1-2个月', '电话咨询', '学科辅导-小学-数学', '/resource/upload/images/2017/11/16/1510814447690071.jpg', '44', '2017-11-16 14:40:48', '1');
INSERT INTO `fh_course` VALUES ('93', '28', '常州精锐小学生数学提升班', '<p>小学：基础回顾，重点训练，难点精讲，综合练习，全面帮助学生掌握数学解题方法</p>\r\n\r\n<p>小学是培养良好学习习惯的重要阶段。</p>\r\n\r\n<p>这阶段，重要的在于启发孩子思维，培养孩子的学习习惯， 为今后的成长奠定良好基础。</p>\r\n\r\n<p>精锐独创的TCT模块教学法，让孩子从兴趣出发，涵盖同步课程。根据孩子的知识吸收情况针对性加强专题知识，并培养孩子的考试能力。</p>', '入门级', '一周以内', '全日制', '学科辅导-小学-数学', '/resource/upload/images/2017/11/16/1510814539425072.jpg', '46', '2017-11-16 14:42:19', '1');
INSERT INTO `fh_course` VALUES ('94', '28', '常州小学语文辅导', '<p>精锐针对小学、初中、高中不同阶段学员的生理和心理特点，通过&quot;TCT模块教学法&quot;，与学校课程同步(T)，同时通过专题辅导 (C) 强化知识点，梳理学科知识，并通过测试训练 (T) 提升学员考试能力。</p>\r\n\r\n<p>同时，精锐秉承&quot;以学为主，以教为辅，主动学习，趣味互动&quot;，课程中充分调动学生的多感官参与、开发全脑思维能力和多元智能，从而实现学生从学习成绩到学习力的全面提升。</p>', '入门级', '一周以内', '全日制', '学科辅导-小学-语文', '/resource/upload/images/2017/11/16/1510814584112073.jpg', '55', '2017-11-16 14:43:04', '1');
INSERT INTO `fh_course` VALUES ('95', '29', '成品舞蹈班', '<p>1、舞蹈特长生考学</p>\r\n\r\n<p>2、舞蹈兴趣成品，成人，少儿</p>\r\n\r\n<p>3、个企事业单位舞蹈排练</p>\r\n\r\n<p>成品舞民族舞 拉丁舞 芭蕾舞 古典舞 爵士舞 街舞 肚皮舞 踢踏舞 印度舞 泰国舞</p>', '入门级', '1-2个月', '周末班', '艺术-舞蹈-拉丁舞', '/resource/upload/images/2017/11/16/1510814770878074.jpg', '25', '2017-11-16 14:46:11', '1');
INSERT INTO `fh_course` VALUES ('96', '29', '少儿才艺综合舞蹈班', '<p>本中心少儿的训练方式有特定的教学模式，每周所有教师都会统一备课，对教学上严格把关严格要求不断的精益求精，使所有来中心学习的孩子都能够学有所成。</p>\r\n\r\n<p>少儿舞蹈培训最主要是小孩个性上的培养，变得主动，有集体观念，气质上的提升。</p>\r\n\r\n<p>每年中心要带领学员参加国家级省级市级的舞蹈比赛，演出及文化交流活动。对孩子的情商培养无疑是的锻炼。</p>\r\n\r\n<p>本中心是常州市专业的少儿舞蹈培训机构。江苏省少儿舞蹈考级定点机构。上海戏剧学院附中招生选拔定点机构。</p>\r\n\r\n<p>央视动漫剧小演员候选基地。拥有一批立志舞蹈教育事业的年轻老师，他们深入一整套规范教学的艺术教学方法。创办至今，在老师们的辛勤培育下，教学成果显著。中心的代表作品《舞蹈狂想曲》《快乐的我们》《剪纸姑娘》《烟雨江南》等作品多次在国家级省级市级各类演出比赛中展露头角，充分展现了常州舞蹈界的水平。</p>', '入门级', '1-2个月', '自由安排', '艺术-舞蹈-民族舞', '/resource/upload/images/2017/11/16/1510814880362075.jpg', '34', '2017-11-16 14:48:00', '1');
INSERT INTO `fh_course` VALUES ('97', '30', '常州街舞培训班', '<p>总课时106</p>\r\n\r\n<p>上课时间&nbsp;</p>\r\n\r\n<p>培训周期 1年</p>\r\n\r\n<p>详细介绍</p>\r\n\r\n<p>以孩子为本</p>\r\n\r\n<p>贴心的小班制&nbsp;</p>\r\n\r\n<p>先进的多媒体教学设施</p>\r\n\r\n<p>互动式教学法</p>\r\n\r\n<p>丰富的课堂实践、活动</p>\r\n\r\n<p>完整而系统的学习体系</p>\r\n\r\n<p>舞蹈是看得见的音乐，</p>\r\n\r\n<p>是藏在灵魂里的语言，</p>\r\n\r\n<p>就像是用脚步追逐梦想。</p>\r\n\r\n<p>让音乐来舞动你的身体，</p>\r\n\r\n<p>触动你，感动你，启发你；</p>\r\n\r\n<p>这是舞蹈给你最真的礼物。</p>', '入门级', '一周以内', '全日制', '艺术-舞蹈-街舞', '/resource/upload/images/2017/11/16/1510814992253076.jpg', '68', '2017-11-16 14:49:52', '1');
INSERT INTO `fh_course` VALUES ('98', '30', '常州拉丁舞基础培训班', '<p>总课时106</p>\r\n\r\n<p>上课时间</p>\r\n\r\n<p>培训周期 1年</p>\r\n\r\n<p>详细介绍</p>\r\n\r\n<p>以孩子为本</p>\r\n\r\n<p>贴心的小班制&nbsp;</p>\r\n\r\n<p>先进的多媒体教学设施</p>\r\n\r\n<p>互动式教学法</p>\r\n\r\n<p>丰富的课堂实践、活动</p>\r\n\r\n<p>完整而系统的学习体系</p>\r\n\r\n<p>舞蹈是看得见的音乐，</p>\r\n\r\n<p>是藏在灵魂里的语言，</p>\r\n\r\n<p>就像是用脚步追逐梦想。</p>\r\n\r\n<p>让音乐来舞动你的身体，</p>\r\n\r\n<p>触动你，感动你，启发你；</p>\r\n\r\n<p>这是舞蹈给你最真的礼物。</p>', '入门级', '一周以内', '全日制', '艺术-舞蹈-拉丁舞', '/resource/upload/images/2017/11/16/1510815612659077.jpg', '89', '2017-11-16 15:00:13', '1');
INSERT INTO `fh_course` VALUES ('99', '30', '常州少儿表演综合培训班', '<p><strong>幼儿舞蹈表演课程</strong></p>\r\n\r\n<p>爵士舞是一种集芭蕾舞、非洲原始舞，现代舞，拉丁舞，音乐剧，嘻哈等（ballet，Afro-primitive，Modern，Latin-Jazz，Musical，Hip Hop.）多重风格于一身的&ldquo;多元表演舞蹈&rdquo;，爵士舞的本质是&ldquo;即兴&rdquo;和&ldquo;个性&rdquo;，因此独有特色、别具一格，且体现着时代气息和流行特点。在对儿童进行爵士舞的教育，在中国尚属初级阶段，常州大剧院已经完成了一套具有科学性、系统性、娱乐性、表演性、创造性和时代感等特点的少儿表演教材。根据学生不同年龄段的身体发育特点，教材分为八个级别，适于4岁到16岁的青少年儿童。启蒙班（4至5岁幼儿）、基础班（5至6岁幼儿）、初级班（6岁至8岁儿童）、中级班（9岁至11岁儿童）、高级班（12岁至14岁青少年）、提高班（14岁至16岁青少年）。可根据学生具体学习情况放宽年龄限制。教材以其元素动作的突出、身体收缩的张力、丰富强烈的节奏、即兴、强调身体的局部动作等特点，特别是注重情趣性，从完成教材的初期就受到了很多儿童家长的喜爱。</p>\r\n\r\n<p>&nbsp;</p>\r\n\r\n<p><strong>幼儿音乐表演课程</strong></p>\r\n\r\n<p>学习歌唱时，特别是初学阶段，必须找经验丰富的声乐老师指导，按照老师的方法练习，并把自己练习中的体会、困难、收获、感觉等如实地告诉老师，以便于老师根据你的个人特点，教给学生准确度高、收效快的练习方法。学习时应注意多用脑子，少用嗓子。</p>\r\n\r\n<p>掌握歌唱的呼吸方法、呼吸的运用、了解呼吸的支点，常用的呼吸练习方法。</p>\r\n\r\n<p>&nbsp;</p>\r\n\r\n<p><strong>幼儿模特表演课程</strong></p>\r\n\r\n<p>通过系统，科学的模特训练，可以有效的培养孩子良好的坐姿，站姿和走姿。对儿童气质的培养起到了积极的作用。教学课程主要针对孩子的端肩，驼背以及螺旋腿，内八外八的调整训练。培养孩子的组织能力，合作意识，吃苦耐劳的精神，积极向上的思维理念，培养积极参加社会实践及独立表演的胆识和魅力。锻炼儿童对音乐的领悟能力，提高儿童的表现力和自信心。从小培养孩子对美的认识。培养孩子的身体协调性，音乐的节奏感，帮助孩子保持思维敏捷，同时以课堂训练和实践相结合，锻炼孩子的舞台表现力，镜头感及自信心。</p>\r\n\r\n<p>&nbsp;</p>\r\n\r\n<p>&nbsp;</p>\r\n\r\n<p><strong>幼儿语言表演课程</strong></p>\r\n\r\n<p>A班：通过学习简单有趣的绕口令、儿歌及故事，引导孩子正确的发音、纠正字音问题，启发孩子对语言学习的乐趣。寓教于乐，可以消除胆怯心理，树立自信，让孩子大声表达，敢于表演。</p>\r\n\r\n<p>B班：通过学习儿童剧，进一步提高孩子的语言表达能力，尝试角色的扮演，丰富孩子的想象力，学会用肢体动作来辅助语言的表达，具备复述故事的能力，让孩子善于表演。</p>\r\n\r\n<p>C班：通过学习较长的童话剧等，规范语言，养成良好的语言表达习惯，并要求孩子能够声情并茂地独立完成角色的表演，增强孩子强烈的表现欲望，提高孩子的表演能力。</p>\r\n\r\n<p>&nbsp;</p>\r\n\r\n<p>&nbsp;</p>\r\n\r\n<p>&nbsp;</p>', '入门级', '一周以内', '全日制', '艺术-声乐-少儿声乐', '/resource/upload/images/2017/11/16/1510815769503078.jpg', '63', '2017-11-16 15:02:50', '1');
INSERT INTO `fh_course` VALUES ('100', '30', '常州中国舞（启蒙班）培训班', '<p>入门级</p>\r\n\r\n<p>总课时106</p>\r\n\r\n<p>培训周期1年</p>\r\n\r\n<p>详细介绍</p>\r\n\r\n<p>以孩子为本</p>\r\n\r\n<p>贴心的小班制</p>\r\n\r\n<p>先进的多媒体教学设施</p>\r\n\r\n<p>互动式教学法</p>\r\n\r\n<p>丰富的课堂实践、活动</p>\r\n\r\n<p>完整而系统的学习体系</p>\r\n\r\n<p>舞蹈是看得见的音乐，</p>\r\n\r\n<p>是藏在灵魂里的语言，</p>\r\n\r\n<p>就像是用脚步追逐梦想。</p>\r\n\r\n<p>让音乐来舞动你的身体，</p>\r\n\r\n<p>触动你，感动你，启发你；</p>\r\n\r\n<p>这是舞蹈给你最真的礼物。</p>', '入门级', '一周以内', '全日制', '艺术-舞蹈-启蒙舞', '/resource/upload/images/2017/11/16/1510815966174079.jpg', '85', '2017-11-16 15:06:06', '1');
INSERT INTO `fh_course` VALUES ('101', '30', '常州创意美术-涂鸦班', '<p>创意美术是通过绘画和手工的结合，强调孩子的动手操作，鼓励孩子大胆表达天马行空的想象，与众不同的创造表现。让艺术融入生活，融入思维，融入灵魂，活在当下。自由想，快乐画，轻松做。</p>', '入门级', '一周以内', '全日制', '艺术-美术-水彩画', '/resource/upload/images/2017/11/16/1510816086034080.jpg', '54', '2017-11-16 15:08:06', '1');
INSERT INTO `fh_course` VALUES ('102', '30', '常州少儿美术培训班', '<p>创意美术-涂鸦班3岁</p>\r\n\r\n<p>创意美术-启智班4岁</p>\r\n\r\n<p>创意美术-启蒙班5岁</p>\r\n\r\n<p>创意美术-畅想班6岁</p>\r\n\r\n<p>创意美术-创意班7岁</p>\r\n\r\n<p>创意美术-创作班8岁</p>\r\n\r\n<p>创意美术-观察写生班9岁以上</p>\r\n\r\n<p>创意美术-艺术拓展学段11岁以上</p>\r\n\r\n<p>创意美术-系统训练学段12岁以上</p>\r\n\r\n<p>儿童美术学习是一个长期的、递进的、分阶段性的发展过程。为适应不同年龄段儿童的不同特征，我们将3&mdash;18岁（共10&mdash;15年）分为四个递进的学段。即：</p>\r\n\r\n<p>幼儿感觉造型学段（3&mdash;5岁）</p>\r\n\r\n<p>儿童美术基础学段（6&mdash;8岁）</p>\r\n\r\n<p>少年转型拓展学段（9岁以上）</p>\r\n\r\n<p>青少年系统训练学段（12岁以上）</p>\r\n\r\n<p>针对每个学段的不同特点开设的不同层次的班级或艺术工作室</p>\r\n\r\n<p>幼儿感觉造型学段开设：涂鸦班、启蒙班、启智班</p>\r\n\r\n<p>儿童美术基础学段开设：畅想班、创意班、创作班</p>\r\n\r\n<p>少年转型拓展学段开设：油画、水墨、版画、动漫、设计、绘本、观察写生班等</p>\r\n\r\n<p>青少年系统训练学段开设：感性素描入门班、素描色彩中级班、素描色彩提高班、理性素描强化班、中高考特训班</p>', '入门级', '一周以内', '全日制', '艺术-美术-水彩画', '/resource/upload/images/2017/11/16/1510816249971081.jpg', '73', '2017-11-16 15:10:50', '1');
INSERT INTO `fh_course` VALUES ('103', '30', '常州快乐集体钢琴培训班', '<p>ESH0W的特色电钢教学，是学习音乐的一种媒介和工具，我们通过学习电钢来掌握音乐的技能，认识五线谱，学习乐理，视唱练耳，培养创新意识，锻炼协作能力，积累舞台经验等等。会弹琴不是目的，学习音乐，享受音乐才是根本。</p>\r\n\r\n<p>在ESH0W电钢课堂中，孩子们通过系统专业的学习而感受到团结协作的高贵品质，也能在ESH0W电钢小组课堂中感受到愉悦的学习氛围。在课程前期，启蒙阶段能够让孩子认识键盘熟悉音符，贺丽运用电钢教学中丰富的节奏，自己创造小乐曲，还包括初期的和弦偏配，在初级教学中，运用不同音色，不同节奏风格弹奏并创造乐曲，加入和弦偏配，中级及高级教学中，涉及到专业和声教学，乐曲变奏，以及功能键的丰富运用。</p>\r\n\r\n<p>我们会给每个学员制定学员小档案，阶段性的评测，密切关注每一个小学员的成长。还会举办丰富的活动，充分给学员提供展示的机会。</p>', '入门级', '一周以内', '全日制', '艺术-乐器-钢琴', '/resource/upload/images/2017/11/16/1510816358331082.jpg', '14', '2017-11-16 15:12:38', '1');
INSERT INTO `fh_course` VALUES ('104', '30', '常州钢琴演奏表演培训班', '<p>不单纯是教钢琴的演奏技巧，而是针对每位学生系统地进行音乐知识的启发式教育和基础的系统训练，提高学员的音乐综合能力。以娱乐的教学方法，在根据孩子的身心发展特点和理解力实施的课程中融入&ldquo;听、唱、弹、读、创作&rdquo;这五项指导内容，为儿童期的孩子们设定目标，并鼓励其完成，让孩子们体验获得成功的喜悦，增强自信。在基础课程中学到音乐能力和演奏基础的同事，全面地掌握音乐基础理论知识，孩子们不但能提高钢琴的演奏能力，更能准确地揭示作曲家乐谱的创意，把握作品的风格，使音乐理论与演奏技巧紧密地起来。</p>', '入门级', '一周以内', '全日制', '艺术-乐器-钢琴', '/resource/upload/images/2017/11/16/1510816429440083.jpg', '66', '2017-11-16 15:13:49', '1');
INSERT INTO `fh_course` VALUES ('105', '30', '常州吉他培训班', '<p>吉他通过刺激你的耳膜，让你享受快感。</p>\r\n\r\n<p>吉他在音乐中的运用主要体现在主音和节奏两部分。</p>\r\n\r\n<p>吉他技法繁多，用在不同的地方可以渲染出各种气氛，是一种非常具有表现力的乐器。</p>\r\n\r\n<p>尤克里里</p>', '入门级', '一周以内', '全日制', '艺术-乐器-吉他', '/resource/upload/images/2017/11/16/1510816523596084.jpg', '33', '2017-11-16 15:15:24', '1');
INSERT INTO `fh_course` VALUES ('106', '30', '常州乐队组合培训班', '<p>参加乐队组合不仅丰富孩子们</p>\r\n\r\n<p>的校外文化生活，而且能有效地</p>\r\n\r\n<p>提高学生的审美情趣和文化艺术修养，</p>\r\n\r\n<p>提升孩子的综合素质，</p>\r\n\r\n<p>打造有文化内涵的现代人</p>\r\n\r\n<p>学习是孩子赖以生存和发展的土壤，</p>\r\n\r\n<p>一个有着丰富内涵和文化底蕴的学习氛围</p>\r\n\r\n<p>对孩子的熏陶是潜移默化的，</p>\r\n\r\n<p>对孩子的成长起到举足轻重的作用。</p>\r\n\r\n<p>校外文化生活是一门高深的课程，</p>\r\n\r\n<p>具有无形的教育力量,</p>\r\n\r\n<p>往往能起到&ldquo;润物细无声&rdquo;的作用。</p>\r\n\r\n<p>玩音乐&amp;组乐队</p>\r\n\r\n<p>一方面不断陶冶着孩子们的情操</p>\r\n\r\n<p>另一方面影响着孩子们的心灵</p>\r\n\r\n<p>更重要的是能充分展示孩子们的精神面貌</p>\r\n\r\n<p>每一位有识之士都不难看出，</p>\r\n\r\n<p>组建乐队，不仅能开发孩子们在音乐方面的潜能，</p>\r\n\r\n<p>让孩子们学到知识，练就能力，</p>\r\n\r\n<p>并在愉快的教学中</p>\r\n\r\n<p>以音乐辅德、以歌唱益智、以音乐技能促体、以乐章怡情</p>\r\n\r\n<p>用自己演奏的乐曲使我们的世界充满生机与活力。而我们更能清楚地认识到，</p>\r\n\r\n<p>在校外生活中，</p>\r\n\r\n<p>对优秀人才的培养</p>\r\n\r\n<p>文化乃至艺术教育着实是一项具有深远意义的活动。</p>\r\n\r\n<p>孩子们通过参加乐队活动，</p>\r\n\r\n<p>不仅是学习音乐知识技能、了解各种乐器的特性，</p>\r\n\r\n<p>更能充分地领略到音乐艺术的魅力，</p>\r\n\r\n<p>也必将懂得它在特定场合起到的特殊作用。同时</p>\r\n\r\n<p>在相互协调、密切配合的训练过程中</p>\r\n\r\n<p>不断增强集体主义观念、形成团结协作</p>\r\n\r\n<p>平等互动的团队意识</p>\r\n\r\n<p>并在严格的训练过程中</p>\r\n\r\n<p>养成良好的道德情操和吃苦耐劳</p>\r\n\r\n<p>坚韧不拔的意志品质</p>', '入门级', '一周以内', '全日制', '艺术-乐器-架子鼓', '/resource/upload/images/2017/11/16/1510816588159085.jpg', '54', '2017-11-16 15:16:28', '1');
INSERT INTO `fh_course` VALUES ('107', '30', '常州少儿演唱表演培训班', '<p><strong>儿童声乐</strong></p>\r\n\r\n<p>学习应该包含两方面的内容：歌唱技能技巧的学习和声乐基础理论知识的学习。<br />\r\n1、声乐基础理论的学习<br />\r\n要具备一定的演唱能力，首先要懂得发声的生理机制，如了解歌唱器官的构造，歌唱发声的简单原理，声音的共鸣原理、共鸣腔的划分、共鸣腔的运用和声区的关系，运用共鸣的方法等。<br />\r\n另外，在进行歌唱技能技巧的训练时，必须掌握歌唱的呼吸方法、呼吸的运用、了解呼吸的支点，常用的呼吸练习方法。学习识别声音的性质、声部的划分，了解美声、民族、通俗唱法特点及嗓音的保健等。<br />\r\n学习了解声乐理论基础，可使自己练习时不盲目，目标明确。另外，再看看别人的声乐论著、声乐方面的录像、电视、录音等，都会给自己带来极大启发，对歌唱练习时大有好处，使自己少走弯路。<br />\r\n2、跟声乐教师学习<br />\r\n歌唱是一门技术性和实践性很强的学科，仅凭声乐理论和教学方面的文字资料去进行歌唱发声方面的学习和训练是非常困难的。因为文字很难准确表达歌唱技能技巧的内涵，加之个人生理条件、理解和领悟能力的差异，更增加了凭文字资料学习的困难。按书上说的方法练习发声、歌唱，练习者本人无法判断方法的准确性和声音效果正确与否，这样的练习不仅没有效果，而且很可能导致错误的歌唱发音。因此，学习歌唱时，特别是初学阶段，必须找经验丰富的声乐老师指导，按照老师的方法练习，并把自己练习中的体会、困难、收获、感觉等如实地告诉老师，以便于老师根据你的个人特点，教给学生准确度高、收效快的练习方法。学习时应注意多用脑子，少用嗓子。</p>', '入门级', '一周以内', '全日制', '艺术-声乐-少儿声乐', '/resource/upload/images/2017/11/16/1510816682424086.jpg', '65', '2017-11-16 15:18:02', '1');
INSERT INTO `fh_course` VALUES ('108', '31', '常州东书房才艺学堂国画培训', '<p>国画按题材可分人物、山水、花鸟等，技法可分工笔和写意，它的精神内核是&ldquo;笔墨&rdquo;。国画强调&ldquo;外师造化，中得心源&rdquo;，要求&ldquo;意存笔先，画尽意在&rdquo;，强调融化物我，创制意境，达到以形写神，形神兼备，气韵生动。</p>\r\n\r\n<p>表面上，中国画是以题材分为这几类，其实是用艺术表现一种观念和思想。所谓&ldquo;画分三科&rdquo;，即概括了宇宙和人生的三个方面：人物画所表现的是人类社会，人与人的关系;山水画所表现的是人与自然的关系，将人与自然融为一体;花鸟画则是表现大自然的各种生命，与人和谐相处。中国画之所以分为人物、花鸟、山水这几大类，其实是由艺术升华的哲学思考，三者之合构成了宇宙的整体，相得益彰，是艺术之为艺术的真谛所在，根据制作技巧、笔法，国画可以分为工笔、写意和兼工带写。</p>\r\n\r\n<p>中国画重神韵，西洋画重形似；西洋画注重透视感光感等更多理性思维，若想要画有所成需要年纪相当，且有一定时间和精力的铺垫；而国画不讲究透视，容易上手，短时间内便能见到成效。</p>', '初级', '1年', '电话咨询', '艺术-美术-国画', '/resource/upload/images/2017/11/16/1510817384041087.jpg', '93', '2017-11-16 15:29:44', '1');
INSERT INTO `fh_course` VALUES ('109', '31', '常州东书房儿童才艺书画培训', '<p>1、国画讲究的是意境，讲究内涵，讲究真，善，美的表现。培养气质<br />\r\n2、锻炼小朋友的耐心和意志力<br />\r\n3、审美能力的提高<br />\r\n4、国画可以培养想象力和创造力，让一种优秀思维在不知不觉中变成自己意识，才算真的具有创造性。</p>', '初级', '1-2个月', '自由安排', '艺术-美术-书法', '/resource/upload/images/2017/11/16/1510817577320088.jpg', '36', '2017-11-16 15:32:57', '1');
INSERT INTO `fh_course` VALUES ('110', '31', '常州绘画班书法培训班', '<p>1、介绍学习书法的常用工具，选购时注意事项及平时保养；</p>\r\n\r\n<p>2、了解正确的坐姿和掌握执笔、运笔方法和字体笔画、结构特点；</p>\r\n\r\n<p>3、范本选字临摹，分析范本的结字及章法规律；</p>\r\n\r\n<p>4、了解背临的方法及作用，由范本中选字进行背临；</p>\r\n\r\n<p>5、内容创作，总结并修正书写错误；</p>\r\n\r\n<p>6、对联、条幅、扇面、册页、手卷、横批等基本的书法形制学习与创</p>', '入门级', '1年', '电话咨询', '艺术-美术-书法', '/resource/upload/images/2017/11/16/1510817826225089.jpg', '35', '2017-11-16 15:37:06', '1');
INSERT INTO `fh_course` VALUES ('111', '31', '常州东书房才艺学堂围棋培训', '<p>1、围棋的历史渊源基础知识；</p>\r\n\r\n<p>2、棋礼仪和规范动作；</p>\r\n\r\n<p>3、死活棋的基本图形,杀棋与做活,对杀；</p>\r\n\r\n<p>4、开局的下法,常见的布局,名家棋谱；</p>\r\n\r\n<p>5、晋级。</p>', '初级', '1年', '电话咨询', '体育-棋类-围棋', '/resource/upload/images/2017/11/16/1510818074540090.jpg', '67', '2017-11-16 15:41:15', '1');
INSERT INTO `fh_course` VALUES ('112', '31', '常州东书房才艺学堂书法培训', '<p>1、介绍学习书法的常用工具，选购时注意事项及平时保养；</p>\r\n\r\n<p>2、了解正确的坐姿和掌握执笔、运笔方法和字体笔画、结构特点；</p>\r\n\r\n<p>3、范本选字临摹，分析范本的结字及章法规律；</p>\r\n\r\n<p>4、了解背临的方法及作用，由范本中选字进行背临；</p>\r\n\r\n<p>5、内容创作，总结并修正书写错误；</p>\r\n\r\n<p>6、对联、条幅、扇面、册页、手卷、横批等基本的书法形制学习与创作。</p>', '初级', '1年', '电话咨询', '艺术-美术-书法', '/resource/upload/images/2017/11/16/1510818135821091.jpg', '89', '2017-11-16 15:42:16', '1');
INSERT INTO `fh_course` VALUES ('113', '31', '常州东书房才艺学堂古筝培训', '<p>1、初步掌握正确的演奏姿势、手型和基本指法（如：托、劈、抹、勾、大撮、小撮、按音、花指、揉弦、上滑音、下滑音等）弹奏技法。掌握最基本的节奏型、用指规律以及简单的左右手配合的小乐曲。</p>\r\n\r\n<p>2、弹奏方法、手型、基本指法进一步熟练和提高，注重手指灵活性的训练，加强左手弹奏方面的练习。</p>\r\n\r\n<p>3、注重出音的音色、弹性及手指的独立性的训练，初步掌握琶音、摇指的正确弹奏要领，加强较音能力的培养。</p>\r\n\r\n<p>4、进一步掌握琶音、分解和弦技法的正确弹奏要领，强调手指的独立性和重心转换以及重心转换时自然过渡的训练。加强各种节奏和速度方面的练习。加强视奏能力的提高和训练。</p>\r\n\r\n<p>5、进一步提高基本功，强调演奏的完整性及音乐的表现力，乐曲演奏时须按乐谱所提示的速度、力度、音色变化及情绪要求练习。</p>', '初级', '1年', '电话咨询', '艺术-乐器-古筝', '/resource/upload/images/2017/11/16/1510818195150092.jpg', '66', '2017-11-16 15:43:15', '1');
INSERT INTO `fh_course` VALUES ('114', '32', '学大教育小学数学一对一', '<p><strong>学大教育小学数学一对一个性化辅导培训班</strong></p>\r\n\r\n<p><strong>一：小学数学课外辅导必要性</strong></p>\r\n\r\n<p>在数学学习中需要学生理解加、减、乘、除运算法则，更要求培养数感、符号感、分析问题的能力。寒假是复习巩固上学期知识，为以后学习打好基础的重要阶段，尤其是小学生自控能力不是很强，需要通过训练来增加他们的学习能力，培养对学习的爱好。</p>\r\n\r\n<p><strong>二：小学一对一辅导培训对象</strong></p>\r\n\r\n<p>适合人群：小学各年级学生</p>\r\n\r\n<p><strong>三：小学数学课外辅导内容</strong></p>\r\n\r\n<p>&nbsp;为孩子制定科学、高效的寒暑假辅导和课外辅导计划，让孩子的假期生活充实、精彩，学习起来事半功倍。</p>\r\n\r\n<p>运用丰富、有趣的教学手法激发孩子的学习兴趣，培养良好的学习习惯，让孩子在寒假期间收心学习。</p>\r\n\r\n<p>紧抓上学期重点、难点、易错点进行复习，有针对性地查缺补漏，夯实基础，让孩子牢记学过的知识。</p>\r\n\r\n<p>结合学生实际情况预习下学期课程，让孩子在假期中提前掌握新的知识点，为下学期开学铺平道路。</p>\r\n\r\n<p><strong>四：学大1对1辅导优势</strong></p>\r\n\r\n<p>1. 通过在线学科测评找到问题所在，根据学生特点，有针对性的安排一对一辅导课程和时间。</p>\r\n\r\n<p>2.个性化辅导为您精心匹配适合孩子的教师，注重潜能开发、提高记忆力、点拨方法，找到学习兴趣。</p>\r\n\r\n<p>3.无缝隙学程管理，通过回访、学情\\课前交流会、家长会等方式及时向家长反馈学生在学大学习进展及成长状态。</p>\r\n\r\n<p>4.学大特色精品心理课，辅助解决学生厌学、注意力不集中、做作业效率低等困惑，帮助家长与学生进行有效沟通。</p>\r\n\r\n<p><strong>课程价格</strong></p>\r\n\r\n<p>120-350，各校区以老师报价为准</p>', '入门级', '一周以内', '全日制', '学科辅导-小学-数学', '/resource/upload/images/2017/11/16/1510818335854093.jpg', '33', '2017-11-16 15:45:36', '1');
INSERT INTO `fh_course` VALUES ('115', '32', '小学一年级语文一对一个性化辅导', '<p><strong>一、识字与写字:</strong></p>\r\n\r\n<p>双基培养目标</p>\r\n\r\n<p>1、学会汉语拼音，能正确拼读音节。</p>\r\n\r\n<p>2、认识汉字的基本笔画、笔顺规则和常用的偏旁部首。</p>\r\n\r\n<p>3、认识常用汉字1500个。</p>\r\n\r\n<p>4、能用音序和部首查字法查字典，学习独立识字。</p>\r\n\r\n<p>创新能力培养</p>\r\n\r\n<p>1、能在生活环境中认字。</p>\r\n\r\n<p>2、能用自己独特的方法识记生字，培养创造性识字的能力。</p>\r\n\r\n<p>学习习惯培养</p>\r\n\r\n<p>1、养成借助汉语拼音认读生字的习惯。</p>\r\n\r\n<p>2、培养正确的写字姿势和执笔方法。</p>\r\n\r\n<p>3、养成不认识的字主动查字典的习惯。</p>\r\n\r\n<p><strong>二、阅读</strong></p>\r\n\r\n<p>双基培养目标</p>\r\n\r\n<p>1、用普通话诵读课文，回答问题，进行简单的口语交际。</p>\r\n\r\n<p>2、认识文中出现的常用的标点符号同，并能体会标点表述的不同语气。</p>\r\n\r\n<p>3、积累并背诵文中的好词好句。</p>\r\n\r\n<p>创新能力培养</p>\r\n\r\n<p>1、开展想像把课文中的故事接着往下编，培养想象能力。</p>\r\n\r\n<p>2、诵读儿歌和古诗，展开想象获得初步的情感体验，感受语文的优美。</p>\r\n\r\n<p>学习习惯培养</p>\r\n\r\n<p>1、养成良好的阅读习惯，边看边想，边看边做记录。</p>\r\n\r\n<p>2、积累文中的好词好句，并能合理运用。</p>\r\n\r\n<p><strong>三、写话</strong></p>\r\n\r\n<p>双基培养目标</p>\r\n\r\n<p>1、能按要求写一句或几句话。</p>\r\n\r\n<p>2、学习使用句号、逗号、感叹号等。</p>\r\n\r\n<p>创新能力培养</p>\r\n\r\n<p>1、在写话中能运用平时积累的好词好句。</p>\r\n\r\n<p>2、能模仿文中儿歌，自编浅显的儿歌。</p>\r\n\r\n<p>学习习惯培养</p>\r\n\r\n<p>1、养成观察周围事物的好习惯。</p>\r\n\r\n<p>2、每天写一句话。</p>\r\n\r\n<p><strong>四、口语交际</strong></p>\r\n\r\n<p>双基培养目标</p>\r\n\r\n<p>1、能听清楚别人讲话的内容。</p>\r\n\r\n<p>2、用普通话和别人交谈。</p>\r\n\r\n<p>创新能力培养</p>\r\n\r\n<p>1、听人说话时注意力集中。</p>\r\n\r\n<p>2、养成边听边想、边听边记的习惯。</p>\r\n\r\n<p><strong>课程价格</strong></p>\r\n\r\n<p>120-350，各校区以老师报价为准</p>', '入门级', '一周以内', '全日制', '学科辅导-小学-语文', '/resource/upload/images/2017/11/16/1510818527339094.jpg', '55', '2017-11-16 15:48:47', '1');
INSERT INTO `fh_course` VALUES ('116', '32', '小学二年级语文一对一个性化辅导', '<p><strong>【小学2年级】</strong></p>\r\n\r\n<p>以看图书画，说话写话为主，积累语文基础知识，注重习惯，和人格培养。</p>\r\n\r\n<p><strong>一，要反复识记生字。</strong></p>\r\n\r\n<p>认生字写生字，认生字，要领读几遍，再讲解几遍，讲解时，应结合学生的固有知识，采取加偏旁去偏旁，由旧字认新字，或编故事、谜语帮助认生字。其后。由认全生字的学生领读，老师巡视、监督学生跟读情况。</p>\r\n\r\n<p>领读十几遍后，再点名认生字。重点是识字能力差的学生。</p>\r\n\r\n<p><strong>二，课外练习要严加要求</strong></p>\r\n\r\n<p>课外练习，就是写生字，反复练习。一是锻炼学生写字能力，即练手练脑。二是加深印象。二年级学生必须加练组词。布置课外练习任务是以最差的学生能完成为标准，一旦布置，必须一丝不苟的完成。检查是完成不了，要采取严厉措施让其完成。</p>\r\n\r\n<p><strong>三，写字严格要求</strong></p>\r\n\r\n<p>要写的字，必须讲其结构，并范写，强调如何写好看，当堂描红、练习。及时纠正错误写法。平时写字，如果写乱，则命其重写。</p>\r\n\r\n<p><strong>四，复习时加强训练</strong></p>\r\n\r\n<p>有前面几项的基础，复习时有几次模拟训练即可使学生成绩飞速提高，要教给学生如何做题，要先易后难，在规定时间内必须做完。</p>\r\n\r\n<p><strong>课程价格</strong></p>\r\n\r\n<p>120-350，各校区以老师报价为准</p>', '入门级', '一周以内', '全日制', '学科辅导-小学-语文', '/resource/upload/images/2017/11/16/1510818619340095.jpg', '28', '2017-11-16 15:50:19', '1');
INSERT INTO `fh_course` VALUES ('117', '32', '小学三年级语文一对一个性化辅导', '<p><strong>【小学三年级语文】</strong></p>\r\n\r\n<p>以阅读写作为主，注重知识体系搭和学习方法指导。</p>\r\n\r\n<p>1)形近字、多音字、数量词的使用、偏正短语(形容词汇等的正确使用).</p>\r\n\r\n<p>2)&ldquo;的、地、得&rdquo;的使用.</p>\r\n\r\n<p>3)近义词、反义词.</p>\r\n\r\n<p>4)课文中成语(及四字词语)、一些描写颜色的词语、还有一些常用的八字成语。</p>\r\n\r\n<p>5)词语方面还需要积累一些如ABB、AABB、ABAB、ABAC等类型的词语及成语中含正反意思的字的成语。</p>\r\n\r\n<p>6)适当的可以使用一些拟人等修辞手法。写作方面以写景、叙事为主，能把所见、所想、所感受到条理清晰、句子完整的写出来即可。</p>\r\n\r\n<p>7)学习在实际运用中正确使用标点符号理解自然段，理解中心句，概括段意。学习抓住特点观察人/物。</p>\r\n\r\n<p>课程价格</p>\r\n\r\n<p>120-350，各校区以老师报价为准</p>', '入门级', '一周以内', '全日制', '学科辅导-小学-语文', '/resource/upload/images/2017/11/16/1510818850216096.jpg', '53', '2017-11-16 15:54:10', '1');
INSERT INTO `fh_course` VALUES ('118', '32', '小学四年级语文一对一个性化辅导', '<p><strong>【小学四年级语文】</strong></p>\r\n\r\n<p>1)通过听说读写的综合训练，提高听话、说话和作文的能力，加深生字记忆;</p>\r\n\r\n<p>2)听说训练采取多样化训练方式，如听讲、朗读、复述、答问、讨论、口述作文等。</p>\r\n\r\n<p>3)练习作文以记叙文为主，常用应用文为辅。如简单的记叙文，观察日记、读书笔记、书信等。</p>\r\n\r\n<p>4)培养学生关于观察，勇于交际的能力。</p>\r\n\r\n<p>5)通过习作训练，培养学生的写作能力。</p>\r\n\r\n<p>6)培养学生边读边想象的习惯。</p>\r\n\r\n<p>7)积累对联。</p>\r\n\r\n<p>8)培养学生对祖国语言文字的热爱之情。</p>\r\n\r\n<p><strong>课程价格</strong></p>\r\n\r\n<p>120-350，各校区以老师报价为准</p>', '入门级', '一周以内', '全日制', '学科辅导-小学-语文', '/resource/upload/images/2017/11/16/1510818906107097.jpg', '33', '2017-11-16 15:55:06', '1');
INSERT INTO `fh_course` VALUES ('119', '32', '小学五年级语文一对一个性化辅导', '<p><strong>【小学五年级语文】</strong></p>\r\n\r\n<p>1)学习重在全面系统梳理，构建完整知识体系。</p>\r\n\r\n<p>2)提升字词理解、阅读方法及写作技巧;</p>\r\n\r\n<p>3)激发学生阅读兴趣，练习阅读理解，体会中心思想，积累语言素材;</p>\r\n\r\n<p>4)练习写记实作文、想象作文、读书笔记、书信等，做到内容具体，语句通顺;</p>\r\n\r\n<p>6)在五年级上期时应以字、词、句为主，段、篇、章为辅。</p>\r\n\r\n<p>7)五年级下学期应在字、词、句的基础上，适当提高段、篇、章的比例。让学生学会独立分析课文，赏析课文，提高写作能力，提升个人综合素质。</p>\r\n\r\n<p>8)通过系统训练，让学生提前进入小升初备战状态。</p>\r\n\r\n<p><strong>课程价格</strong></p>\r\n\r\n<p>120-350，各校区以老师报价为准</p>', '入门级', '一周以内', '全日制', '学科辅导-小学-语文', '/resource/upload/images/2017/11/16/1510818978592098.jpg', '43', '2017-11-16 15:56:19', '1');
INSERT INTO `fh_course` VALUES ('120', '32', '小学六年级语文一对一个性化辅导', '<p><strong>【小学六年级】</strong></p>\r\n\r\n<p>基本上以学生积累，综合性学习与诗歌背诵为主。</p>\r\n\r\n<p>1)提高作文和阅读 首要多看课外书，掌握好词句.</p>\r\n\r\n<p>2)初步了解课文内容，理清文章并概括课文大意。</p>\r\n\r\n<p>3)理解文章重点语句，或是读后的初步感想和不懂的问题。</p>\r\n\r\n<p>3)巩固加强学生识字辨词能力，整合教学信息，句型转换复习，修辞判断与表达练习，阅读能力中筛选信息的能力，作文训练。</p>\r\n\r\n<p>4)句型转换练习，阅读信息提取能力，写作能力。</p>\r\n\r\n<p>5)段落分析，阅读理解的提高，各种体裁的掌握，和写作能力，知识的丰富和能力的提高。</p>\r\n\r\n<p>6)通过学习，使学生灵活地运用抓住语文课文主要内容、从内容中体会思想以及体会文章思想感情的几种常用方法，提高阅读水平，达到&ldquo;温故而知新&rdquo;的效果。</p>\r\n\r\n<p>7)引导学生通过读课文，体会、归纳整体把握课文思想内容的方法，并学会灵活地运用，做到课内与课外有机地结合起来，备战小升初。</p>\r\n\r\n<p><strong>课程价格</strong></p>\r\n\r\n<p>120-350，各校区以老师报价为准</p>', '入门级', '一周以内', '全日制', '学科辅导-小学-语文', '/resource/upload/images/2017/11/16/1510819135906099.jpg', '35', '2017-11-16 15:58:56', '1');
INSERT INTO `fh_course` VALUES ('121', '32', '小学一年级语文一对一辅导寒假课程', '<p><strong>一、识字与写字:</strong></p>\r\n\r\n<p>双基培养目标</p>\r\n\r\n<p>1、学会汉语拼音，能正确拼读音节。</p>\r\n\r\n<p>2、认识汉字的基本笔画、笔顺规则和常用的偏旁部首。</p>\r\n\r\n<p>3、认识常用汉字1500个。</p>\r\n\r\n<p>4、能用音序和部首查字法查字典，学习独立识字。</p>\r\n\r\n<p>创新能力培养</p>\r\n\r\n<p>1、能在生活环境中认字。</p>\r\n\r\n<p>2、能用自己独特的方法识记生字，培养创造性识字的能力。</p>\r\n\r\n<p>学习习惯培养</p>\r\n\r\n<p>1、养成借助汉语拼音认读生字的习惯。</p>\r\n\r\n<p>2、培养正确的写字姿势和执笔方法。</p>\r\n\r\n<p>3、养成不认识的字主动查字典的习惯。</p>\r\n\r\n<p><strong>二、阅读</strong></p>\r\n\r\n<p>双基培养目标</p>\r\n\r\n<p>1、用普通话诵读课文，回答问题，进行简单的口语交际。</p>\r\n\r\n<p>2、认识文中出现的常用的标点符号同，并能体会标点表述的不同语气。</p>\r\n\r\n<p>3、积累并背诵文中的好词好句。</p>\r\n\r\n<p>创新能力培养</p>\r\n\r\n<p>1、开展想像把课文中的故事接着往下编，培养想象能力。</p>\r\n\r\n<p>2、诵读儿歌和古诗，展开想象获得初步的情感体验，感受语文的优美。</p>\r\n\r\n<p>学习习惯培养</p>\r\n\r\n<p>1、养成良好的阅读习惯，边看边想，边看边做记录。</p>\r\n\r\n<p>2、积累文中的好词好句，并能合理运用。</p>\r\n\r\n<p><strong>三、写话</strong></p>\r\n\r\n<p>双基培养目标</p>\r\n\r\n<p>1、能按要求写一句或几句话。</p>\r\n\r\n<p>2、学习使用句号、逗号、感叹号等。</p>\r\n\r\n<p>创新能力培养</p>\r\n\r\n<p>1、在写话中能运用平时积累的好词好句。</p>\r\n\r\n<p>2、能模仿文中儿歌，自编浅显的儿歌。</p>\r\n\r\n<p>学习习惯培养</p>\r\n\r\n<p>1、养成观察周围事物的好习惯。</p>\r\n\r\n<p>2、每天写一句话。</p>\r\n\r\n<p><strong>四、口语交际</strong></p>\r\n\r\n<p>双基培养目标</p>\r\n\r\n<p>1、能听清楚别人讲话的内容。</p>\r\n\r\n<p>2、用普通话和别人交谈。</p>\r\n\r\n<p>创新能力培养</p>\r\n\r\n<p>1、听人说话时注意力集中。</p>\r\n\r\n<p>2、养成边听边想、边听边记的习惯。</p>\r\n\r\n<p><strong>课程价格</strong></p>\r\n\r\n<p>120-350，各校区以老师报价为准</p>', '入门级', '一周以内', '全日制', '学科辅导-小学-语文', '/resource/upload/images/2017/11/16/1510819267532100.jpg', '35', '2017-11-16 16:01:08', '1');
INSERT INTO `fh_course` VALUES ('122', '32', '小学二年级语文一对一辅导寒假课程', '<p><strong>【小学2年级】</strong></p>\r\n\r\n<p>以看图书画，说话写话为主，积累语文基础知识，注重习惯，和人格培养。</p>\r\n\r\n<p><strong>一，要反复识记生字。</strong></p>\r\n\r\n<p>认生字写生字，认生字，要领读几遍，再讲解几遍，讲解时，应结合学生的固有知识，采取加偏旁去偏旁，由旧字认新字，或编故事、谜语帮助认生字。其后。由认全生字的学生领读，老师巡视、监督学生跟读情况。</p>\r\n\r\n<p>领读十几遍后，再点名认生字。重点是识字能力差的学生。</p>\r\n\r\n<p><strong>二，课外练习要严加要求</strong></p>\r\n\r\n<p>课外练习，就是写生字，反复练习。一是锻炼学生写字能力，即练手练脑。二是加深印象。二年级学生必须加练组词。布置课外练习任务是以最差的学生能完成为标准，一旦布置，必须一丝不苟的完成。检查是完成不了，要采取严厉措施让其完成。</p>\r\n\r\n<p><strong>三，写字严格要求</strong></p>\r\n\r\n<p>要写的字，必须讲其结构，并范写，强调如何写好看，当堂描红、练习。及时纠正错误写法。平时写字，如果写乱，则命其重写。</p>\r\n\r\n<p><strong>四，复习时加强训练</strong></p>\r\n\r\n<p>有前面几项的基础，复习时有几次模拟训练即可使学生成绩飞速提高，要教给学生如何做题，要先易后难，在规定时间内必须做完。</p>\r\n\r\n<p><strong>课程价格</strong></p>\r\n\r\n<p>120-350，各校区以老师报价为准</p>', '入门级', '一周以内', '全日制', '学科辅导-小学-语文', '/resource/upload/images/2017/11/16/1510819353438101.jpg', '44', '2017-11-16 16:02:33', '1');
INSERT INTO `fh_course` VALUES ('123', '32', '小学三年级语文一对一辅导寒假课程', '<p><strong>【小学三年级语文】</strong></p>\r\n\r\n<p>以阅读写作为主，注重知识体系搭和学习方法指导。</p>\r\n\r\n<p>1)形近字、多音字、数量词的使用、偏正短语(形容词汇等的正确使用).</p>\r\n\r\n<p>2)&ldquo;的、地、得&rdquo;的使用.</p>\r\n\r\n<p>3)近义词、反义词.</p>\r\n\r\n<p>4)课文中成语(及四字词语)、一些描写颜色的词语、还有一些常用的八字成语。</p>\r\n\r\n<p>5)词语方面还需要积累一些如ABB、AABB、ABAB、ABAC等类型的词语及成语中含正反意思的字的成语。</p>\r\n\r\n<p>6)适当的可以使用一些拟人等修辞手法。写作方面以写景、叙事为主，能把所见、所想、所感受到条理清晰、句子完整的写出来即可。</p>\r\n\r\n<p>7)学习在实际运用中正确使用标点符号理解自然段，理解中心句，概括段意。学习抓住特点观察人/物。</p>\r\n\r\n<p><strong>课程价格</strong></p>\r\n\r\n<p>120-350，各校区以老师报价为准</p>', '入门级', '一周以内', '全日制', '学科辅导-小学-语文', '/resource/upload/images/2017/11/16/1510819407486102.jpg', '42', '2017-11-16 16:03:28', '1');
INSERT INTO `fh_course` VALUES ('124', '32', '小学四年级语文一对一辅导寒假课程', '<p><strong>【小学四年级语文】</strong></p>\r\n\r\n<p>1)通过听说读写的综合训练，提高听话、说话和作文的能力，加深生字记忆;</p>\r\n\r\n<p>2)听说训练采取多样化训练方式，如听讲、朗读、复述、答问、讨论、口述作文等。</p>\r\n\r\n<p>3)练习作文以记叙文为主，常用应用文为辅。如简单的记叙文，观察日记、读书笔记、书信等。</p>\r\n\r\n<p>4)培养学生关于观察，勇于交际的能力。</p>\r\n\r\n<p>5)通过习作训练，培养学生的写作能力。</p>\r\n\r\n<p>6)培养学生边读边想象的习惯。</p>\r\n\r\n<p>7)积累对联。</p>\r\n\r\n<p>8)培养学生对祖国语言文字的热爱之情。</p>\r\n\r\n<p>课程价格</p>\r\n\r\n<p>120-350，各校区以老师报价为准</p>', '入门级', '一周以内', '全日制', '学科辅导-小学-语文', '/resource/upload/images/2017/11/16/1510819503127103.jpg', '66', '2017-11-16 16:05:03', '1');
INSERT INTO `fh_course` VALUES ('125', '32', '小学五年级语文一对一辅导寒假课程', '<p><strong>【小学五年级语文】</strong></p>\r\n\r\n<p>1)学习重在全面系统梳理，构建完整知识体系。</p>\r\n\r\n<p>2)提升字词理解、阅读方法及写作技巧;</p>\r\n\r\n<p>3)激发学生阅读兴趣，练习阅读理解，体会中心思想，积累语言素材;</p>\r\n\r\n<p>4)练习写记实作文、想象作文、读书笔记、书信等，做到内容具体，语句通顺;</p>\r\n\r\n<p>6)在五年级上期时应以字、词、句为主，段、篇、章为辅。</p>\r\n\r\n<p>7)五年级下学期应在字、词、句的基础上，适当提高段、篇、章的比例。让学生学会独立分析课文，赏析课文，提高写作能力，提升个人综合素质。</p>\r\n\r\n<p>8)通过系统训练，让学生提前进入小升初备战状态</p>\r\n\r\n<p>课程价格</p>\r\n\r\n<p>120-350，各校区以老师报价为准</p>\r\n\r\n<p>&nbsp;</p>', '入门级', '一周以内', '全日制', '学科辅导-小学-语文', '/resource/upload/images/2017/11/16/1510819557237104.jpg', '26', '2017-11-16 16:05:57', '1');
INSERT INTO `fh_course` VALUES ('126', '32', '小学六年级语文一对一辅导寒假课程', '<p><strong>【小学六年级】</strong></p>\r\n\r\n<p>基本上以学生积累，综合性学习与诗歌背诵为主。</p>\r\n\r\n<p>1)提高作文和阅读 首要多看课外书，掌握好词句.</p>\r\n\r\n<p>2)初步了解课文内容，理清文章并概括课文大意。</p>\r\n\r\n<p>3)理解文章重点语句，或是读后的初步感想和不懂的问题。</p>\r\n\r\n<p>3)巩固加强学生识字辨词能力，整合教学信息，句型转换复习，修辞判断与表达练习，阅读能力中筛选信息的能力，作文训练。</p>\r\n\r\n<p>4)句型转换练习，阅读信息提取能力，写作能力。</p>\r\n\r\n<p>5)段落分析，阅读理解的提高，各种体裁的掌握，和写作能力，知识的丰富和能力的提高。</p>\r\n\r\n<p>6)通过学习，使学生灵活地运用抓住语文课文主要内容、从内容中体会思想以及体会文章思想感情的几种常用方法，提高阅读水平，达到&ldquo;温故而知新&rdquo;的效果。</p>\r\n\r\n<p>7)引导学生通过读课文，体会、归纳整体把握课文思想内容的方法，并学会灵活地运用，做到课内与课外有机地结合起来，备战小升初。</p>\r\n\r\n<p>课程价格</p>\r\n\r\n<p>120-350，各校区以老师报价为准</p>', '入门级', '一周以内', '全日制', '学科辅导-小学-语文', '/resource/upload/images/2017/11/16/1510819613565105.jpg', '64', '2017-11-16 16:06:54', '1');
INSERT INTO `fh_course` VALUES ('127', '32', '小学一年级语文一对一辅导课程', '<p><strong>一、识字与写字:</strong></p>\r\n\r\n<p>双基培养目标</p>\r\n\r\n<p>1、学会汉语拼音，能正确拼读音节。</p>\r\n\r\n<p>2、认识汉字的基本笔画、笔顺规则和常用的偏旁部首。</p>\r\n\r\n<p>3、认识常用汉字1500个。</p>\r\n\r\n<p>4、能用音序和部首查字法查字典，学习独立识字。</p>\r\n\r\n<p>创新能力培养</p>\r\n\r\n<p>1、能在生活环境中认字。</p>\r\n\r\n<p>2、能用自己独特的方法识记生字，培养创造性识字的能力。</p>\r\n\r\n<p>学习习惯培养</p>\r\n\r\n<p>1、养成借助汉语拼音认读生字的习惯。</p>\r\n\r\n<p>2、培养正确的写字姿势和执笔方法。</p>\r\n\r\n<p>3、养成不认识的字主动查字典的习惯。</p>\r\n\r\n<p><strong>二、阅读</strong></p>\r\n\r\n<p>双基培养目标</p>\r\n\r\n<p>1、用普通话诵读课文，回答问题，进行简单的口语交际。</p>\r\n\r\n<p>2、认识文中出现的常用的标点符号同，并能体会标点表述的不同语气。</p>\r\n\r\n<p>3、积累并背诵文中的好词好句。</p>\r\n\r\n<p>创新能力培养</p>\r\n\r\n<p>1、开展想像把课文中的故事接着往下编，培养想象能力。</p>\r\n\r\n<p>2、诵读儿歌和古诗，展开想象获得初步的情感体验，感受语文的优美。</p>\r\n\r\n<p>学习习惯培养</p>\r\n\r\n<p>1、养成良好的阅读习惯，边看边想，边看边做记录。</p>\r\n\r\n<p>2、积累文中的好词好句，并能合理运用。</p>\r\n\r\n<p><strong>三、写话</strong></p>\r\n\r\n<p>双基培养目标</p>\r\n\r\n<p>1、能按要求写一句或几句话。</p>\r\n\r\n<p>2、学习使用句号、逗号、感叹号等。</p>\r\n\r\n<p>创新能力培养</p>\r\n\r\n<p>1、在写话中能运用平时积累的好词好句。</p>\r\n\r\n<p>2、能模仿文中儿歌，自编浅显的儿歌。</p>\r\n\r\n<p>学习习惯培养</p>\r\n\r\n<p>1、养成观察周围事物的好习惯。</p>\r\n\r\n<p>2、每天写一句话。</p>\r\n\r\n<p><strong>四、口语交际</strong></p>\r\n\r\n<p>双基培养目标</p>\r\n\r\n<p>1、能听清楚别人讲话的内容。</p>\r\n\r\n<p>2、用普通话和别人交谈。</p>\r\n\r\n<p>创新能力培养</p>\r\n\r\n<p>1、听人说话时注意力集中。</p>\r\n\r\n<p>2、养成边听边想、边听边记的习惯。</p>\r\n\r\n<p>课程价格</p>\r\n\r\n<p>120-350，各校区以老师报价为准</p>', '入门级', '一周以内', '全日制', '学科辅导-小学-语文', '/resource/upload/images/2017/11/16/1510819673706106.jpg', '84', '2017-11-16 16:07:54', '1');
INSERT INTO `fh_course` VALUES ('128', '32', '小学二年级语文一对一辅导冲刺课程', '<p><strong>【小学2年级】</strong></p>\r\n\r\n<p>以看图书画，说话写话为主，积累语文基础知识，注重习惯，和人格培养。</p>\r\n\r\n<p><strong>一，要反复识记生字。</strong></p>\r\n\r\n<p>认生字写生字，认生字，要领读几遍，再讲解几遍，讲解时，应结合学生的固有知识，采取加偏旁去偏旁，由旧字认新字，或编故事、谜语帮助认生字。其后。由认全生字的学生领读，老师巡视、监督学生跟读情况。</p>\r\n\r\n<p>领读十几遍后，再点名认生字。重点是识字能力差的学生。</p>\r\n\r\n<p><strong>二，课外练习要严加要求</strong></p>\r\n\r\n<p>课外练习，就是写生字，反复练习。一是锻炼学生写字能力，即练手练脑。二是加深印象。二年级学生必须加练组词。布置课外练习任务是以最差的学生能完成为标准，一旦布置，必须一丝不苟的完成。检查是完成不了，要采取严厉措施让其完成。</p>\r\n\r\n<p><strong>三，写字严格要求</strong></p>\r\n\r\n<p>要写的字，必须讲其结构，并范写，强调如何写好看，当堂描红、练习。及时纠正错误写法。平时写字，如果写乱，则命其重写。</p>\r\n\r\n<p><strong>四，复习时加强训练</strong></p>\r\n\r\n<p>有前面几项的基础，复习时有几次模拟训练即可使学生成绩飞速提高，要教给学生如何做题，要先易后难，在规定时间内必须做完。</p>\r\n\r\n<p><strong>课程价格</strong></p>\r\n\r\n<p>120-350，各校区以老师报价为准</p>', '入门级', '一周以内', '全日制', '学科辅导-小学-语文', '/resource/upload/images/2017/11/16/1510819723285107.jpg', '25', '2017-11-16 16:08:43', '1');
INSERT INTO `fh_course` VALUES ('129', '32', '小学三年级语文一对一辅导冲刺课程', '<p><strong>【小学三年级语文】</strong></p>\r\n\r\n<p>以阅读写作为主，注重知识体系搭和学习方法指导。</p>\r\n\r\n<p>1)形近字、多音字、数量词的使用、偏正短语(形容词汇等的正确使用).</p>\r\n\r\n<p>2)&ldquo;的、地、得&rdquo;的使用.</p>\r\n\r\n<p>3)近义词、反义词.</p>\r\n\r\n<p>4)课文中成语(及四字词语)、一些描写颜色的词语、还有一些常用的八字成语。</p>\r\n\r\n<p>5)词语方面还需要积累一些如ABB、AABB、ABAB、ABAC等类型的词语及成语中含正反意思的字的成语。</p>\r\n\r\n<p>6)适当的可以使用一些拟人等修辞手法。写作方面以写景、叙事为主，能把所见、所想、所感受到条理清晰、句子完整的写出来即可。</p>\r\n\r\n<p>7)学习在实际运用中正确使用标点符号理解自然段，理解中心句，概括段意。学习抓住特点观察人/物。</p>\r\n\r\n<p>课程价格</p>\r\n\r\n<p>120-350，各校区以老师报价为准</p>', '入门级', '一周以内', '全日制', '学科辅导-小学-语文', '/resource/upload/images/2017/11/16/1510819781582108.jpg', '27', '2017-11-16 16:09:42', '1');
INSERT INTO `fh_course` VALUES ('130', '32', '小学四年级语文一对一辅导冲刺课程', '<p><strong>【小学四年级语文】</strong></p>\r\n\r\n<p>1)通过听说读写的综合训练，提高听话、说话和作文的能力，加深生字记忆;</p>\r\n\r\n<p>2)听说训练采取多样化训练方式，如听讲、朗读、复述、答问、讨论、口述作文等。</p>\r\n\r\n<p>3)练习作文以记叙文为主，常用应用文为辅。如简单的记叙文，观察日记、读书笔记、书信等。</p>\r\n\r\n<p>4)培养学生关于观察，勇于交际的能力。</p>\r\n\r\n<p>5)通过习作训练，培养学生的写作能力。</p>\r\n\r\n<p>6)培养学生边读边想象的习惯。</p>\r\n\r\n<p>7)积累对联。</p>\r\n\r\n<p>8)培养学生对祖国语言文字的热爱之情。</p>\r\n\r\n<p>课程价格</p>\r\n\r\n<p>120-350，各校区以老师报价为准</p>', '入门级', '一周以内', '全日制', '学科辅导-小学-语文', '/resource/upload/images/2017/11/16/1510819893254109.jpg', '57', '2017-11-16 16:11:33', '1');
INSERT INTO `fh_course` VALUES ('131', '32', '小学五年级语文一对一辅导冲刺课程', '<p><strong>【小学五年级语文】</strong></p>\r\n\r\n<p>1)学习重在全面系统梳理，构建完整知识体系。</p>\r\n\r\n<p>2)提升字词理解、阅读方法及写作技巧;</p>\r\n\r\n<p>3)激发学生阅读兴趣，练习阅读理解，体会中心思想，积累语言素材;</p>\r\n\r\n<p>4)练习写记实作文、想象作文、读书笔记、书信等，做到内容具体，语句通顺;</p>\r\n\r\n<p>6)在五年级上期时应以字、词、句为主，段、篇、章为辅。</p>\r\n\r\n<p>7)五年级下学期应在字、词、句的基础上，适当提高段、篇、章的比例。让学生学会独立分析课文，赏析课文，提高写作能力，提升个人综合素质。</p>\r\n\r\n<p>8)通过系统训练，让学生提前进入小升初备战状态。</p>\r\n\r\n<p><strong>课程价格</strong></p>\r\n\r\n<p>120-350，各校区以老师报价为准</p>', '入门级', '一周以内', '全日制', '学科辅导-小学-语文', '/resource/upload/images/2017/11/16/1510820023755110.jpg', '43', '2017-11-16 16:13:44', '1');
INSERT INTO `fh_course` VALUES ('132', '32', '小学六年级语文一对一辅导冲刺课程', '<p><strong>【小学六年级】</strong></p>\r\n\r\n<p>基本上以学生积累，综合性学习与诗歌背诵为主。</p>\r\n\r\n<p>1)提高作文和阅读 首要多看课外书，掌握好词句.</p>\r\n\r\n<p>2)初步了解课文内容，理清文章并概括课文大意。</p>\r\n\r\n<p>3)理解文章重点语句，或是读后的初步感想和不懂的问题。</p>\r\n\r\n<p>3)巩固加强学生识字辨词能力，整合教学信息，句型转换复习，修辞判断与表达练习，阅读能力中筛选信息的能力，作文训练。</p>\r\n\r\n<p>4)句型转换练习，阅读信息提取能力，写作能力。</p>\r\n\r\n<p>5)段落分析，阅读理解的提高，各种体裁的掌握，和写作能力，知识的丰富和能力的提高。</p>\r\n\r\n<p>6)通过学习，使学生灵活地运用抓住语文课文主要内容、从内容中体会思想以及体会文章思想感情的几种常用方法，提高阅读水平，达到&ldquo;温故而知新&rdquo;的效果。</p>\r\n\r\n<p>7)引导学生通过读课文，体会、归纳整体把握课文思想内容的方法，并学会灵活地运用，做到课内与课外有机地结合起来，备战小升初。</p>\r\n\r\n<p>课程价格</p>\r\n\r\n<p>120-350，各校区以老师报价为准</p>', '入门级', '一周以内', '全日制', '学科辅导-小学-语文', '/resource/upload/images/2017/11/16/1510820160990111.jpg', '69', '2017-11-16 16:16:01', '1');
INSERT INTO `fh_course` VALUES ('133', '32', '小学一年级语文数学一对一全科辅导', '<p><strong>【一年级语文 】</strong></p>\r\n\r\n<p><strong>一、识字与写字:</strong></p>\r\n\r\n<p>双基培养目标</p>\r\n\r\n<p>1、学会汉语拼音，能正确拼读音节。</p>\r\n\r\n<p>2、认识汉字的基本笔画、笔顺规则和常用的偏旁部首。</p>\r\n\r\n<p>3、认识常用汉字1500个。</p>\r\n\r\n<p>4、能用音序和部首查字法查字典，学习独立识字。</p>\r\n\r\n<p>创新能力培养</p>\r\n\r\n<p>1、能在生活环境中认字。</p>\r\n\r\n<p>2、能用自己独特的方法识记生字，培养创造性识字的能力。</p>\r\n\r\n<p>学习习惯培养</p>\r\n\r\n<p>1、养成借助汉语拼音认读生字的习惯。</p>\r\n\r\n<p>2、培养正确的写字姿势和执笔方法。</p>\r\n\r\n<p>3、养成不认识的字主动查字典的习惯。</p>\r\n\r\n<p><strong>二、阅读</strong></p>\r\n\r\n<p>双基培养目标</p>\r\n\r\n<p>1、用普通话诵读课文，回答问题，进行简单的口语交际。</p>\r\n\r\n<p>2、认识文中出现的常用的标点符号同，并能体会标点表述的不同语气。</p>\r\n\r\n<p>3、积累并背诵文中的好词好句。</p>\r\n\r\n<p>创新能力培养</p>\r\n\r\n<p>1、开展想像把课文中的故事接着往下编，培养想象能力。</p>\r\n\r\n<p>2、诵读儿歌和古诗，展开想象获得初步的情感体验，感受语文的优美。</p>\r\n\r\n<p>学习习惯培养</p>\r\n\r\n<p>1、养成良好的阅读习惯，边看边想，边看边做记录。</p>\r\n\r\n<p>2、积累文中的好词好句，并能合理运用。</p>\r\n\r\n<p><strong>三、写话</strong></p>\r\n\r\n<p>双基培养目标</p>\r\n\r\n<p>1、能按要求写一句或几句话。</p>\r\n\r\n<p>2、学习使用句号、逗号、感叹号等。</p>\r\n\r\n<p>创新能力培养</p>\r\n\r\n<p>1、在写话中能运用平时积累的好词好句。</p>\r\n\r\n<p>2、能模仿文中儿歌，自编浅显的儿歌。</p>\r\n\r\n<p>学习习惯培养</p>\r\n\r\n<p>1、养成观察周围事物的好习惯。</p>\r\n\r\n<p>2、每天写一句话。</p>\r\n\r\n<p><strong>四、口语交际</strong></p>\r\n\r\n<p>双基培养目标</p>\r\n\r\n<p>1、能听清楚别人讲话的内容。</p>\r\n\r\n<p>2、用普通话和别人交谈。</p>\r\n\r\n<p>创新能力培养</p>\r\n\r\n<p>1、听人说话时注意力集中。</p>\r\n\r\n<p>2、养成边听边想、边听边记的习惯。</p>\r\n\r\n<p><strong>【一年级数学 】</strong></p>\r\n\r\n<p>小学一年级数学学习的主要的目的是：培养学生对数学的兴趣。</p>\r\n\r\n<p>1)重点掌握数学方法之枚举法、计数问题、一笔画问题、找规律以及趣味数学题;</p>\r\n\r\n<p>2)将知识的趣味化和生动化进行有效结合，激发学生学习热情，提高学习效率;</p>\r\n\r\n<p>3)培养学生对数学的兴趣，使之形成主动学习、思考的良好习惯。</p>\r\n\r\n<p>课程价格</p>\r\n\r\n<p>120-350，各校区以老师报价为准</p>', '入门级', '一周以内', '全日制', '学科辅导-小学-数学', '/resource/upload/images/2017/11/16/1510820286038112.jpg', '46', '2017-11-16 16:18:06', '1');
INSERT INTO `fh_course` VALUES ('134', '32', '小学二年级语文数学一对一全科辅导', '<p><strong>【小学2年级语文】</strong></p>\r\n\r\n<p>以看图书画，说话写话为主，积累语文基础知识，注重习惯，和人格培养。</p>\r\n\r\n<p>，要反复识记生字。</p>\r\n\r\n<p>认生字写生字，认生字，要领读几遍，再讲解几遍，讲解时，应结合学生的固有知识，采取加偏旁去偏旁，由旧字认新字，或编故事、谜语帮助认生字。其后。由认全生字的学生领读，老师巡视、监督学生跟读情况。</p>\r\n\r\n<p>领读十几遍后，再点名认生字。重点是识字能力差的学生。</p>\r\n\r\n<p>第二，课外练习要严加要求</p>\r\n\r\n<p>课外练习，就是写生字，反复练习。一是锻炼学生写字能力，即练手练脑。二是加深印象。二年级学生必须加练组词。布置课外练习任务是以最差的学生能完成为标准，一旦布置，必须一丝不苟的完成。检查是完成不了，要采取严厉措施让其完成。</p>\r\n\r\n<p>第三，写字严格要求</p>\r\n\r\n<p>要写的字，必须讲其结构，并范写，强调如何写好看，当堂描红、练习。及时纠正错误写法。平时写字，如果写乱，则命其重写。</p>\r\n\r\n<p>第四，复习时加强训练</p>\r\n\r\n<p>有前面几项的基础，复习时有几次模拟训练即可使学生成绩飞速提高，要教给学生如何做题，要先易后难，在规定时间内必须做完。</p>\r\n\r\n<p><strong>【小学2年级数学】</strong></p>\r\n\r\n<p>小学二年级数学学习的主要的目的是：培养学生对数学的兴趣。</p>\r\n\r\n<p>1)重点掌握数学方法之枚举法、计数问题、一笔画问题、找规律以及趣味数学题;</p>\r\n\r\n<p>2)将知识的趣味化和生动化进行有效结合，激发学生学习热情，提高学习效率;</p>\r\n\r\n<p>3)培养学生对数学的兴趣，使之形成主动学习、思考的良好习惯。</p>\r\n\r\n<p>课程价格</p>\r\n\r\n<p>120-350，各校区以老师报价为准</p>', '入门级', '一周以内', '全日制', '学科辅导-小学-数学', '/resource/upload/images/2017/11/16/1510820356070113.jpg', '45', '2017-11-16 16:19:16', '1');
INSERT INTO `fh_course` VALUES ('135', '32', '小学三年级语文数学一对一全科辅导', '<p><strong>【小学三年级语文】</strong></p>\r\n\r\n<p>以阅读写作为主，注重知识体系搭和学习方法指导。</p>\r\n\r\n<p>1)形近字、多音字、数量词的使用、偏正短语(形容词汇等的正确使用).</p>\r\n\r\n<p>2)&ldquo;的、地、得&rdquo;的使用.</p>\r\n\r\n<p>3)近义词、反义词.</p>\r\n\r\n<p>4)课文中成语(及四字词语)、一些描写颜色的词语、还有一些常用的八字成语。</p>\r\n\r\n<p>5)词语方面还需要积累一些如ABB、AABB、ABAB、ABAC等类型的词语及成语中含正反意思的字的成语。</p>\r\n\r\n<p>6)适当的可以使用一些拟人等修辞手法。写作方面以写景、叙事为主，能把所见、所想、所感受到条理清晰、句子完整的写出来即可。</p>\r\n\r\n<p>7)学习在实际运用中正确使用标点符号理解自然段，理解中心句，概括段意。学习抓住特点观察人/物。</p>\r\n\r\n<p><strong>【小学三年级数学】</strong></p>\r\n\r\n<p>小学三年级数学学习重在巩固提升。</p>\r\n\r\n<p>1)掌握质量单位，数的乘法、口算、运算以及三角形等主要知识点;</p>\r\n\r\n<p>2)结合学生的生活经验和已有知识体验，通过观察、操作、类比等活动巩固基本知识和技能;</p>\r\n\r\n<p>3)创设生动、有趣的教学情境，激发学习兴趣，提高学习效率。</p>\r\n\r\n<p>课程价格</p>\r\n\r\n<p>120-350，各校区以老师报价为准</p>', '入门级', '一周以内', '全日制', '学科辅导-小学-数学', '/resource/upload/images/2017/11/16/1510820501758114.jpg', '56', '2017-11-16 16:21:42', '1');
INSERT INTO `fh_course` VALUES ('136', '32', '小学四年级一对一语文数学英语全科辅导', '<p><strong>【小学四年级语文】</strong></p>\r\n\r\n<p>1)通过听说读写的综合训练，提高听话、说话和作文的能力，加深生字记忆。</p>\r\n\r\n<p>2)听说训练采取多样化训练方式，如听讲、朗读、复述、答问、讨论、口述作文等。</p>\r\n\r\n<p>3)练习作文以记叙文为主，常用应用文为辅。如简单的记叙文，观察日记、读书笔记、书信等。</p>\r\n\r\n<p>4)培养学生关于观察，勇于交际的能力。</p>\r\n\r\n<p>5)通过习作训练，培养学生的写作能力。</p>\r\n\r\n<p>6)培养学生边读边想象的习惯。</p>\r\n\r\n<p>7)积累对联。</p>\r\n\r\n<p>8)培养学生对祖国语言文字的热爱之情。</p>\r\n\r\n<p><strong>【小学四年级数学】</strong></p>\r\n\r\n<p>小学四年级数学学习重在巩固提升。</p>\r\n\r\n<p>1)掌握质量单位，数的乘法、口算、运算以及三角形等主要知识点;</p>\r\n\r\n<p>2)结合学生的生活经验和已有知识体验，通过观察、操作、类比等活动巩固基本知识和技能;</p>\r\n\r\n<p>3)创设生动、有趣的教学情境，激发学习兴趣，提高学习效率。</p>\r\n\r\n<p><strong>【小学四年级的英语】</strong></p>\r\n\r\n<p>小学4年级的英语学习，主要打好扎实的基础。</p>\r\n\r\n<p>1)学习音标分类、发音规则，以及相应的习惯用语及固定搭配;</p>\r\n\r\n<p>2)采取贴近学生、贴近实际的教学方法，帮助学生养成良好的学习习惯，激发学生学习兴趣。</p>\r\n\r\n<p>3)词汇是任何语言的基础，是组成词组、句子、乃至段落和文章的基本元素。对于四年级的孩子来说显得尤为重要。</p>\r\n\r\n<p>4)培养学生逻辑思维能力，记忆能力和学习方法的提高。</p>\r\n\r\n<p>5)3个时态的学习，重点学习人称代词和物主代词，一到一百数字，十二个月份、序数词、星期、日期、名词复数、连词用法.</p>\r\n\r\n<p>6)了解play/read/write等的常用搭配。重点培养孩子在英语听、说、读、写能力的培养。</p>\r\n\r\n<p>7)培养学生良好学习习惯，改进学习方法，掌握解题技巧。</p>\r\n\r\n<p>课程价格</p>\r\n\r\n<p>120-350，各校区以老师报价为准</p>', '入门级', '一周以内', '全日制', '学科辅导-小学-数学', '/resource/upload/images/2017/11/16/1510820692228115.jpg', '45', '2017-11-16 16:24:52', '1');
INSERT INTO `fh_course` VALUES ('137', '32', '小学五年级一对一语文数学英语全科辅导', '<p><strong>【小学五年级语文】</strong></p>\r\n\r\n<p>1)学习重在全面系统梳理，构建完整知识体系。</p>\r\n\r\n<p>2)提升字词理解、阅读方法及写作技巧;</p>\r\n\r\n<p>3)激发学生阅读兴趣，练习阅读理解，体会中心思想，积累语言素材;</p>\r\n\r\n<p>4)练习写记实作文、想象作文、读书笔记、书信等，做到内容具体，语句通顺;</p>\r\n\r\n<p>6)在五年级上期时应以字、词、句为主，段、篇、章为辅。</p>\r\n\r\n<p>7)五年级下学期应在字、词、句的基础上，适当提高段、篇、章的比例。让学生学会独立分析课文，赏析课文，提高写作能力，提升个人综合素质。</p>\r\n\r\n<p>8)通过系统训练，让学生提前进入小升初备战状态。</p>\r\n\r\n<p><strong>【小学五年级数学】</strong></p>\r\n\r\n<p>小学五年级数学学习，将培养学生的思维能力放在首要位置。</p>\r\n\r\n<p>重点把握小数和分数的乘除法、简单几何概念、&ldquo;鸡兔同笼&rdquo;等问题。</p>\r\n\r\n<p>培养学生在学习过程中的逻辑思维能力。</p>\r\n\r\n<p>通过增加习题量、典型题分析，提升解题方法及技巧。</p>\r\n\r\n<p>结合学生实际水平进行指导性提升，积极应对小升初。</p>\r\n\r\n<p><strong>【小学五年级英语】</strong></p>\r\n\r\n<p>小学5年级的英语学习，强调孩子表达的准确性。</p>\r\n\r\n<p>1)学习语法，名词、冠词、连词、并列句和复合句，了解并区分八种时态的用法;</p>\r\n\r\n<p>2)掌握语法的构成及词形的变化，理解在不同语境中或不同时间状语下时态的转化;</p>\r\n\r\n<p>3)掌握简单的口头和笔头练习逐步提高他们运用英语的能力。</p>\r\n\r\n<p>4) 能够熟练读通、读懂、课文。</p>\r\n\r\n<p>5)熟悉句型，记住一些句子的固定搭配。</p>\r\n\r\n<p>6)结合历年的考点、难点，综合学生的学习水平，进行有效指导，让学生提前进入备战状态。</p>', '入门级', '一周以内', '全日制', '学科辅导-小学-数学', '/resource/upload/images/2017/11/16/1510820743354116.jpg', '46', '2017-11-16 16:25:43', '1');
INSERT INTO `fh_course` VALUES ('138', '32', '小学六年级一对一语文数学英语全科辅导', '<p><strong>【小学六年级语文】</strong></p>\r\n\r\n<p>基本上以学生积累，综合性学习与诗歌背诵为主。</p>\r\n\r\n<p>1)提高作文和阅读 首要多看课外书，掌握好词句.</p>\r\n\r\n<p>2)初步了解课文内容，理清文章并概括课文大意。</p>\r\n\r\n<p>3)理解文章重点语句，或是读后的初步感想和不懂的问题。</p>\r\n\r\n<p>3)巩固加强学生识字辨词能力，整合教学信息，句型转换复习，修辞判断与表达练习，阅读能力中筛选信息的能力，作文训练。</p>\r\n\r\n<p>4)句型转换练习，阅读信息提取能力，写作能力。</p>\r\n\r\n<p>5)段落分析，阅读理解的提高，各种体裁的掌握，和写作能力，知识的丰富和能力的提高。</p>\r\n\r\n<p>6)通过学习，使学生灵活地运用抓住语文课文主要内容、从内容中体会思想以及体会文章思想感情的几种常用方法，提高阅读水平，达到&ldquo;温故而知新&rdquo;的效果。</p>\r\n\r\n<p>7)引导学生通过读课文，体会、归纳整体把握课文思想内容的方法，并学会灵活地运用，做到课内与课外有机地结合起来，备战小升初。</p>\r\n\r\n<p>课程价格</p>\r\n\r\n<p>120-350，各校区以老师报价为准</p>\r\n\r\n<p><strong>【小学六年级数学】</strong></p>\r\n\r\n<p>小学六年级数学学习，将培养学生的思维能力放在首要位置。</p>\r\n\r\n<p>重点把握小数和分数的乘除法、简单几何概念、&ldquo;鸡兔同笼&rdquo;等问题;</p>\r\n\r\n<p>培养学生在学习过程中的逻辑思维能力;</p>\r\n\r\n<p>通过增加习题量、典型题分析，提升解题方法及技巧;</p>\r\n\r\n<p>结合学生实际水平进行指导性提升，积极应对小升初。</p>\r\n\r\n<p><strong>【小学六年级英语】&nbsp;</strong></p>\r\n\r\n<table align=\"center\">\r\n	<tbody>\r\n		<tr>\r\n			<td rowspan=\"2\">\r\n			<p><strong>课本</strong></p>\r\n			</td>\r\n			<td>\r\n			<p><strong>知识</strong></p>\r\n			</td>\r\n			<td rowspan=\"2\">\r\n			<p><strong>权重</strong></p>\r\n			</td>\r\n			<td rowspan=\"2\">\r\n			<p><strong>专题</strong></p>\r\n			</td>\r\n			<td rowspan=\"2\">\r\n			<p><strong>知识点</strong></p>\r\n			</td>\r\n			<td rowspan=\"2\">\r\n			<p><strong>等级</strong></p>\r\n			</td>\r\n		</tr>\r\n		<tr>\r\n			<td>\r\n			<p><strong>模块</strong></p>\r\n			</td>\r\n		</tr>\r\n		<tr>\r\n			<td rowspan=\"45\">\r\n			<p>小升初总复习</p>\r\n			</td>\r\n			<td rowspan=\"24\">\r\n			<p>词性训练</p>\r\n			</td>\r\n			<td rowspan=\"24\">\r\n			<p>30%-35%</p>\r\n			</td>\r\n			<td rowspan=\"3\">\r\n			<p>冠词</p>\r\n			</td>\r\n			<td>\r\n			<p>不定冠词</p>\r\n			</td>\r\n			<td>\r\n			<p>★★★</p>\r\n			</td>\r\n		</tr>\r\n		<tr>\r\n			<td>\r\n			<p>定冠词</p>\r\n			</td>\r\n			<td>\r\n			<p>★★★</p>\r\n			</td>\r\n		</tr>\r\n		<tr>\r\n			<td>\r\n			<p>0冠词</p>\r\n			</td>\r\n			<td>\r\n			<p>★★</p>\r\n			</td>\r\n		</tr>\r\n		<tr>\r\n			<td rowspan=\"2\">\r\n			<p>数词</p>\r\n			</td>\r\n			<td>\r\n			<p>基数词</p>\r\n			</td>\r\n			<td>\r\n			<p>★★</p>\r\n			</td>\r\n		</tr>\r\n		<tr>\r\n			<td>\r\n			<p>序数词</p>\r\n			</td>\r\n			<td>\r\n			<p>★★★</p>\r\n			</td>\r\n		</tr>\r\n		<tr>\r\n			<td rowspan=\"3\">\r\n			<p>名词</p>\r\n			</td>\r\n			<td>\r\n			<p>可数名词的单复数形式</p>\r\n			</td>\r\n			<td>\r\n			<p>★★★</p>\r\n			</td>\r\n		</tr>\r\n		<tr>\r\n			<td>\r\n			<p>不可数名词的量化</p>\r\n			</td>\r\n			<td>\r\n			<p>★★★</p>\r\n			</td>\r\n		</tr>\r\n		<tr>\r\n			<td>\r\n			<p>名词所有格</p>\r\n			</td>\r\n			<td>\r\n			<p>★★★</p>\r\n			</td>\r\n		</tr>\r\n		<tr>\r\n			<td rowspan=\"2\">\r\n			<p>连词</p>\r\n			</td>\r\n			<td>\r\n			<p>并列连词</p>\r\n			</td>\r\n			<td>\r\n			<p>★★</p>\r\n			</td>\r\n		</tr>\r\n		<tr>\r\n			<td>\r\n			<p>从属连词</p>\r\n			</td>\r\n			<td>\r\n			<p>★★★</p>\r\n			</td>\r\n		</tr>\r\n		<tr>\r\n			<td rowspan=\"2\">\r\n			<p>介词</p>\r\n			</td>\r\n			<td>\r\n			<p>There be 句型</p>\r\n			</td>\r\n			<td>\r\n			<p>★★★</p>\r\n			</td>\r\n		</tr>\r\n		<tr>\r\n			<td>\r\n			<p>介词的固定搭配</p>\r\n			</td>\r\n			<td>\r\n			<p>★★★</p>\r\n			</td>\r\n		</tr>\r\n		<tr>\r\n			<td rowspan=\"6\">\r\n			<p>代词</p>\r\n			</td>\r\n			<td>\r\n			<p>人称代词</p>\r\n			</td>\r\n			<td>\r\n			<p>★★★</p>\r\n			</td>\r\n		</tr>\r\n		<tr>\r\n			<td>\r\n			<p>物主代词</p>\r\n			</td>\r\n			<td>\r\n			<p>★★★</p>\r\n			</td>\r\n		</tr>\r\n		<tr>\r\n			<td>\r\n			<p>反身代词</p>\r\n			</td>\r\n			<td>\r\n			<p>★★</p>\r\n			</td>\r\n		</tr>\r\n		<tr>\r\n			<td>\r\n			<p>指示代词</p>\r\n			</td>\r\n			<td>\r\n			<p>★★</p>\r\n			</td>\r\n		</tr>\r\n		<tr>\r\n			<td>\r\n			<p>疑问代词</p>\r\n			</td>\r\n			<td>\r\n			<p>★★</p>\r\n			</td>\r\n		</tr>\r\n		<tr>\r\n			<td>\r\n			<p>不定代词</p>\r\n			</td>\r\n			<td>\r\n			<p>★</p>\r\n			</td>\r\n		</tr>\r\n		<tr>\r\n			<td rowspan=\"6\">\r\n			<p>形容词、副词</p>\r\n			</td>\r\n			<td>\r\n			<p>形容词的基本用法</p>\r\n			</td>\r\n			<td>\r\n			<p>★★★</p>\r\n			</td>\r\n		</tr>\r\n		<tr>\r\n			<td>\r\n			<p>形容词的比较级</p>\r\n			</td>\r\n			<td>\r\n			<p>★★★</p>\r\n			</td>\r\n		</tr>\r\n		<tr>\r\n			<td>\r\n			<p>形容词的级</p>\r\n			</td>\r\n			<td>\r\n			<p>★★</p>\r\n			</td>\r\n		</tr>\r\n		<tr>\r\n			<td>\r\n			<p>副词的基本用法</p>\r\n			</td>\r\n			<td>\r\n			<p>★★</p>\r\n			</td>\r\n		</tr>\r\n		<tr>\r\n			<td>\r\n			<p>副词的比较级和级</p>\r\n			</td>\r\n			<td>\r\n			<p>★★</p>\r\n			</td>\r\n		</tr>\r\n		<tr>\r\n			<td>\r\n			<p>形容词和副词的特殊用法</p>\r\n			</td>\r\n			<td>\r\n			<p>★</p>\r\n			</td>\r\n		</tr>\r\n		<tr>\r\n			<td rowspan=\"14\">\r\n			<p>时态练习</p>\r\n			</td>\r\n			<td rowspan=\"14\">\r\n			<p>15%-20%</p>\r\n			</td>\r\n			<td rowspan=\"3\">\r\n			<p>一般现在时</p>\r\n			</td>\r\n			<td>\r\n			<p>句型结构</p>\r\n			</td>\r\n			<td>\r\n			<p>★★</p>\r\n			</td>\r\n		</tr>\r\n		<tr>\r\n			<td>\r\n			<p>时间标志性词</p>\r\n			</td>\r\n			<td>\r\n			<p>★★</p>\r\n			</td>\r\n		</tr>\r\n		<tr>\r\n			<td>\r\n			<p>动词变单三的规则</p>\r\n			</td>\r\n			<td>\r\n			<p>★★★</p>\r\n			</td>\r\n		</tr>\r\n		<tr>\r\n			<td rowspan=\"3\">\r\n			<p>现在进行时</p>\r\n			</td>\r\n			<td>\r\n			<p>句型结构</p>\r\n			</td>\r\n			<td>\r\n			<p>★★</p>\r\n			</td>\r\n		</tr>\r\n		<tr>\r\n			<td>\r\n			<p>时间标志性词</p>\r\n			</td>\r\n			<td>\r\n			<p>★★</p>\r\n			</td>\r\n		</tr>\r\n		<tr>\r\n			<td>\r\n			<p>动词变现在分词的规则</p>\r\n			</td>\r\n			<td>\r\n			<p>★★★</p>\r\n			</td>\r\n		</tr>\r\n		<tr>\r\n			<td rowspan=\"2\">\r\n			<p>一般将来时</p>\r\n			</td>\r\n			<td>\r\n			<p>句型结构</p>\r\n			</td>\r\n			<td>\r\n			<p>★★</p>\r\n			</td>\r\n		</tr>\r\n		<tr>\r\n			<td>\r\n			<p>时间标志性词</p>\r\n			</td>\r\n			<td>\r\n			<p>★★</p>\r\n			</td>\r\n		</tr>\r\n		<tr>\r\n			<td rowspan=\"3\">\r\n			<p>一般过去时</p>\r\n			</td>\r\n			<td>\r\n			<p>句型结构</p>\r\n			</td>\r\n			<td>\r\n			<p>★★</p>\r\n			</td>\r\n		</tr>\r\n		<tr>\r\n			<td>\r\n			<p>时间标志性词</p>\r\n			</td>\r\n			<td>\r\n			<p>★★</p>\r\n			</td>\r\n		</tr>\r\n		<tr>\r\n			<td>\r\n			<p>动词变过去式规则</p>\r\n			</td>\r\n			<td>\r\n			<p>★★★</p>\r\n			</td>\r\n		</tr>\r\n		<tr>\r\n			<td rowspan=\"3\">\r\n			<p>现在完成时（选修部分）</p>\r\n			</td>\r\n			<td>\r\n			<p>句型结构</p>\r\n			</td>\r\n			<td>\r\n			<p>★★</p>\r\n			</td>\r\n		</tr>\r\n		<tr>\r\n			<td>\r\n			<p>时间标志性词</p>\r\n			</td>\r\n			<td>\r\n			<p>★★</p>\r\n			</td>\r\n		</tr>\r\n		<tr>\r\n			<td>\r\n			<p>动词变过去分词规则</p>\r\n			</td>\r\n			<td>\r\n			<p>★★★</p>\r\n			</td>\r\n		</tr>\r\n		<tr>\r\n			<td rowspan=\"7\">\r\n			<p>阅读、写作训练</p>\r\n			</td>\r\n			<td rowspan=\"7\">\r\n			<p>45%_55%</p>\r\n			</td>\r\n			<td rowspan=\"2\">\r\n			<p>情景对话</p>\r\n			</td>\r\n			<td>\r\n			<p>基本交际用语</p>\r\n			</td>\r\n			<td>\r\n			<p>★★★</p>\r\n			</td>\r\n		</tr>\r\n		<tr>\r\n			<td>\r\n			<p>各种句型结构</p>\r\n			</td>\r\n			<td>\r\n			<p>★★★</p>\r\n			</td>\r\n		</tr>\r\n		<tr>\r\n			<td rowspan=\"2\">\r\n			<p>阅读强化</p>\r\n			</td>\r\n			<td>\r\n			<p>模拟训练</p>\r\n			</td>\r\n			<td>\r\n			<p>★★★</p>\r\n			</td>\r\n		</tr>\r\n		<tr>\r\n			<td>\r\n			<p>真题训练</p>\r\n			</td>\r\n			<td>\r\n			<p>★★★</p>\r\n			</td>\r\n		</tr>\r\n		<tr>\r\n			<td rowspan=\"3\">\r\n			<p>写作训练</p>\r\n			</td>\r\n			<td>\r\n			<p>书信格式</p>\r\n			</td>\r\n			<td>\r\n			<p>★★★</p>\r\n			</td>\r\n		</tr>\r\n		<tr>\r\n			<td>\r\n			<p>看图写作</p>\r\n			</td>\r\n			<td>\r\n			<p>★★★</p>\r\n			</td>\r\n		</tr>\r\n		<tr>\r\n			<td>\r\n			<p>给材料作文</p>\r\n			</td>\r\n			<td>\r\n			<p>★★★</p>\r\n			</td>\r\n		</tr>\r\n	</tbody>\r\n</table>', '入门级', '一周以内', '全日制', '学科辅导-小学-数学', '/resource/upload/images/2017/11/16/1510820809245117.jpg', '68', '2017-11-16 16:26:49', '1');
INSERT INTO `fh_course` VALUES ('139', '33', '思博中小学特色课程', '<p>　　<strong>思博中小学寒假课程</strong></p>\r\n\r\n<p>　　1.分析学生期末考试试卷:帮助学生查找刚刚过去的一个学期各学科知识存在的不足，并制定相应的补救措施。</p>\r\n\r\n<p>　　2.对上学期所学知识进行归纳和分类:疏通知识脉络，理清知识结构，为新学期乃至以后的学习夯实基础。</p>\r\n\r\n<p>　　3.解答寒假作业中的重、难点问题，使孩子度过一个充实、轻松愉快的春节。</p>\r\n\r\n<p>　　4.预习下一学期的内容:让学生提前熟悉新知识，为新学期做好充分准备。</p>\r\n\r\n<table align=\"center\">\r\n	<tbody>\r\n		<tr>\r\n			<td rowspan=\"3\">个性化1对1教学</td>\r\n			<td><strong>初三/高三</strong></td>\r\n			<td>\r\n			<p>1.紧密围绕中高考大纲有针对性地进行辅导；</p>\r\n\r\n			<p>2.不仅帮助学生全面掌握各学科知识体系，同时分析历年中高考试题和题型；</p>\r\n\r\n			<p>3.传授应试技巧，培养良好心态，以的状态迎战中高考；</p>\r\n\r\n			<p>4.参加思博中高考专家及名师进行的各类考试精品串讲课程。</p>\r\n			</td>\r\n		</tr>\r\n		<tr>\r\n			<td><strong>小升初</strong></td>\r\n			<td>\r\n			<p>1.帮助学生制定个性化学习计划，融合日常学习计划；</p>\r\n\r\n			<p>2.建立正确的思维方式，帮助学生提高思维能力；</p>\r\n\r\n			<p>3.根据不同竞赛的出题思路与风格，帮助学生掌握正确的考试策略和解题思路；</p>\r\n\r\n			<p>4.缓解心理压力，指导面试技巧。</p>\r\n			</td>\r\n		</tr>\r\n		<tr>\r\n			<td><strong>非毕业班</strong></td>\r\n			<td>根据学生期末的考试情况做好1对1辅导安排。一般来说，年前加强对本学期已学内容的巩固，年后预习部分下学期的新知识。</td>\r\n		</tr>\r\n	</tbody>\r\n</table>', '入门级', '一周以内', '全日制', '学科辅导-小学-数学', '/resource/upload/images/2017/11/16/1510821235029120.jpg', '64', '2017-11-16 16:33:55', '1');
INSERT INTO `fh_course` VALUES ('140', '33', '剑桥少儿英语培训', '<p>安徒生说：丑小鸭终有一天会变成白天鹅!</p>\r\n\r\n<p>　　思博说：我们这里没有丑小鸭!</p>\r\n\r\n<p>　　成长，是一种蜕变。从呀呀学语到口齿伶俐&mdash;&mdash;这对于现在的孩子来说，也许并不困难;但我们思博外语培训中心向您提供的是一种创新式英语教育：这里遵循儿童语言发展的规律，采用由英国剑桥大学精心设计的一套&ldquo;以学生为主体，以兴趣为中心&rdquo;的《剑桥少儿英语教材》开展教学。</p>\r\n\r\n<p>　　►「考试内容」</p>\r\n\r\n<p>　　剑桥少儿英语等级培训考试以学习、培训为重点。从培养少年儿童的英语基础语言能力和语感入手，培训学生的英语语言思维能力，建立起英语学习的自信心与荣誉感。该系统的学习特点是&quot;基础-轻松-有趣-实用-连续&quot;，并与剑桥大学考试委员会英语5级水平测试相衔接。</p>\r\n\r\n<p>　　剑桥少儿英语三个级别对学时和词汇掌握程度的要求分别为：</p>\r\n\r\n<p>　　一级：适合6-8岁，经过大约100小时的英语学习、掌握近400个词汇;</p>\r\n\r\n<p>　　二级：适合8-11岁，经过大约175小时的英语学习，掌握约600个词汇;</p>\r\n\r\n<p>　　三级：适合9-12岁，经过大约250小时的英语学习，掌握约1000个词汇;</p>\r\n\r\n<p>　　这三级考试所要求掌握的词汇和语法项目都是从少儿的年龄、心理角度出发，经过科学的统计分析，挑选了最贴近少年儿童生活，具有实际意义的交际词汇。</p>\r\n\r\n<p>　　考试分为笔试及口试两部分，笔试又分为听力与读写两部分。</p>\r\n\r\n<p>　　►「课程内容」</p>\r\n\r\n<p>　　在内容和形式上反映了少儿的认知能力和心理特征，突出&ldquo;活泼、有趣、轻松、连续&rdquo;的特色。它以标准的语言，配以动听的音乐，将听、说、读贯穿起来，让儿童在轻松愉快的氛围中学习和使用英语，培养少年儿童的英语基础语言能力、语感和英语语言思维能力。</p>\r\n\r\n<p>　　►「开课时间」</p>\r\n\r\n<p>　　2016.2.20起，支持插班跟读</p>', '入门级', '一周以内', '全日制', '语言培训-英语-少儿英语', '/resource/upload/images/2017/11/16/1510821395732122.jpg', '87', '2017-11-16 16:36:36', '1');
INSERT INTO `fh_course` VALUES ('141', '34', '小学语文数学英语辅导课外培训班', '<p><strong>一:小学全科辅导为什么选择学大教育</strong></p>\r\n\r\n<p>1.新学期衔接辅导，快速弥补薄弱点，今天来电，免费制定新学期增分计划。</p>\r\n\r\n<p>2.我们能在很短时间内引导学生掌握知识要点，快速提分。且提分效果显著。</p>\r\n\r\n<p>3.学校资历最深!最早专注中小学1对1课外辅导的机构</p>\r\n\r\n<p>4.规模!63个省市、307所学习中心、9000名优秀教师</p>\r\n\r\n<p>5.实力最强!2010年成功上市美国纽交所，市值达8.4亿美金</p>\r\n\r\n<p>6.价值!家长、孩子获得的是全方位、个性化、长效提升</p>\r\n\r\n<p><strong>二：小学全科班培训内容</strong></p>\r\n\r\n<p>针对小学语文、数学和英语制定个性化辅导方案，入学即给孩子进行全面分析，找出孩子的优势和弱势，然后引导和挖掘孩子的潜能部分，纠正和提高孩子的不足部分</p>\r\n\r\n<p>让孩子感受课堂以外的学习天地，通过兴趣引导来发展孩子的多方面才能</p>\r\n\r\n<p><strong>课程价格</strong></p>\r\n\r\n<p>120-350，各校区以老师报价为准</p>', '入门级', '一周以内', '全日制', '学科辅导-小学-英语', '/resource/upload/images/2017/11/16/1510821495623123.jpg', '56', '2017-11-16 16:38:16', '1');
INSERT INTO `fh_course` VALUES ('142', '34', '小学语文一对一课外辅导', '<p><strong>小学语文一对一课外辅导学习班</strong></p>\r\n\r\n<p><strong>一：小学生语文课外辅导意义</strong></p>\r\n\r\n<p>在语文学习中加学生对字、词、句型的学习与积累，训练基础的语文阅读理解与写作的基本功。寒假是复习巩固上学期知识，为以后学习打好基础的重要阶段，尤其是小学生自控能力不是很强，通过一对一辅导能有效提高孩子的学习兴趣，帮助孩子学好语文</p>\r\n\r\n<p><strong>二：小学语文辅导班招生对象</strong></p>\r\n\r\n<p>适合人群：小学各年级学生</p>\r\n\r\n<p><strong>三：学大教育小学语文辅导内容</strong></p>\r\n\r\n<p>1. 为孩子制定科学、高效的寒暑假及课外语文辅导计划，让孩子的假期生活充实、精彩，让学习变得事半功倍。</p>\r\n\r\n<p>2. 运用丰富、有趣的教学手法激发孩子的学习兴趣，培养良好的学习习惯，让孩子在寒暑假假期间收心学习。</p>\r\n\r\n<p>3. 紧抓上学期重点、难点、易错点进行复习，有针对性地查缺补漏，夯实基础，让孩子牢记学过的知识。</p>\r\n\r\n<p>4. 结合学生实际情况预习下学期课程，让孩子在假期中提前掌握新的知识点，为下学期开学铺平道路。</p>\r\n\r\n<p><strong>四：学大教育语文课外辅导优势</strong></p>\r\n\r\n<p>1、课外辅导品质有!</p>\r\n\r\n<p>学大十年专注个性化辅导，有良好的口碑，丰富的经验。有很多孩子在小升初这个重点阶段来学大学习，百分之九十八的学生考入重点中学!</p>\r\n\r\n<p>2、小学语文辅导效果好!</p>\r\n\r\n<p>50天提分230分，92%学员总成绩提高60分以上。</p>\r\n\r\n<p>3、学大教育师资队伍强!</p>\r\n\r\n<p>为给孩子们在小升初阶段保驾护航，学大从全国各地高薪聘请了专家名师来给孩子们上课把关。把孩子交到这些德高望重的教师手里，可谓一百个放心!</p>\r\n\r\n<p>4、学大语文课外辅导秘密武器</p>\r\n\r\n<p>(1)秘密武器之一：给孩子心理的诺亚方舟!</p>\r\n\r\n<p>次面临人生的大考，孩子脆弱的心灵可能有无法承受之重。有了&ldquo;诺亚方舟&rdquo;，孩子就可战胜一切难关!</p>\r\n\r\n<p>(2)秘密武器之二：给孩子防止丢分的法宝!</p>\r\n\r\n<p>粗心者，教他如何注意细节!</p>\r\n\r\n<p>紧张者，教他如何增强自信!</p>\r\n\r\n<p>基础不牢者，教他如何梳理知识，建立知识树!</p>\r\n\r\n<p>(3)秘密武器三：给孩子攻克难关的秘密武器!</p>\r\n\r\n<p>记叙文阅读，如何解读到位拿满分?学大名师告诉你!</p>\r\n\r\n<p>说明文阅读，如何理解说明方法和逻辑拿满分?学大名师告诉你!</p>\r\n\r\n<p>作文如何有真情实感又出彩从而拿满分?学大名师告诉你!</p>\r\n\r\n<p><strong>课程价格</strong></p>\r\n\r\n<p>120-350，各校区以老师报价为准</p>', '入门级', '1-2个月', '电话咨询', '学科辅导-小学-语文', '/resource/upload/images/2017/11/16/1510821590185125.jpg', '44', '2017-11-16 16:39:50', '1');
INSERT INTO `fh_course` VALUES ('143', '35', '幼儿英语课程MaxMousy', '<p>Max&amp;Mousy ，分为单词实物图片教学，所有单词都是与这个阶段年龄相关及感兴趣兴趣为主，画面真实，学习效果佳。第二、情景对话主题有趣，内容全部为使用生活口语。第三、音乐律动，句子简单好记，节奏感强。第四、听力理解练习，增强孩子理解应用能力。第五、生活教室美语充分结合在校，在外或居家的实用性，让口语朗朗上口。第六、 自然拼音，透过音感练习，韵文说唱，搭配节奏贯穿，培养孩子进入阅读殿堂。小小演说家Little Speaker，将所学转换成属于自己的表达，一口流利美语自然脱口而出。</p>\r\n\r\n<p>课文会话以循序渐进的方式将学校生活里和户外活动的常用对话带到学生们的身边。Book A, Book B 着重于教导学生基本的礼貌；Book 1~Book 4 的会话逐渐增加其深度并着重于让学生学习完整句型的对答;为增加幼儿的字汇，每课有搭配课文句型的实用的单词，让孩子们可以举一反三，活用句型。从Book 1 开始，Max &amp; Mousy 增加了发音单元让小朋友逐步学习自然发音。这里，小朋友可以学习字母的大小写和它们的发音。</p>\r\n\r\n<p>Reading House 以欧美流行阅读的教学方式，世界经典童话故事内容，加强见字发音能力、活用英文句型，提升阅读速度及理解能力，并让学生自信开口说英文。全Reading House 读本系列。所有故事都可说、可唱、可演。是兼具英语教学成效及欧美文化体验的高效学习英语故事读本。能有效辅助课堂句型教学。让孩子们透过欧美金典童话故事，学习叙述英文语句。再配上优美并具有异国文化的曲风，生活对话及常用句朗朗上口，更加体验到欧美歌剧表演的魅力。搭配书后的词汇功能表学习，可做主题式词汇教学及动名词代换，大幅提升活学活用的词汇能力！</p>', '入门级', '3-6个月', '电话咨询', '语言培训-英语-少儿英语', '/resource/upload/images/2017/11/16/1510821672091126.jpg', '15', '2017-11-16 16:41:12', '1');
INSERT INTO `fh_course` VALUES ('144', '35', '少儿中级英语LanguageArts', '<p>Starter 目标：26个字母辨认书写，人称与Be动词使用，单复数，祈使句，现在简单式，韵文及歌曲律动 主题：招呼问候，自我介绍，人物与职业，个人感觉描述，数字1-10，玩具与外观介绍，颜色，水果及喜好，食物，动作技能 发音：Aa 到Zz 26个字母发音 Level1A1B 目标：现在简单时，指示代名词this/that/these/those用法，名词单复数疑问句及否定句，所有格（your/my/his/her）,介系词（in/on/under/next to/between/in front of）,There is/There are用法，How/Where/How many用法，现在简单时与第三人称单数动词介绍，韵文歌曲，阅读长篇故事及动手做活动 主题：教室文具用品，动作技能，玩具颜色，动物，身体外观描述，数字1-60，天气，服饰，时间与家庭成员，食物，点心，饮料 发音：短元音a, e, i, o, u及辅音b, p, d, t evel 2A2B 目标：现在简单时，时间与日期的使用，Can/How/What的用法，可数名词与不可数名词，some/any用法，频率副词，现在进行时，What/How/Where/Why用法，动手做活动，阅读长篇故事 主题：身体部位，星期，学校课程，课外活动，乐器，个人外观，特质的形容词，礼物，学用品，家庭成员，数字51-100与数学运用，0食与水果，形状，颜色，生活常规与习惯，职业与交通工具，感觉形容词与日常活动，房间，家电，室内陈设物品 发音：辅音c, g, m, n, f, v与长元音a, e, i, o, u</p>', '中级', '1年', '电话咨询', '语言培训-英语-少儿英语', '/resource/upload/images/2017/11/16/1510821730966127.jpg', '17', '2017-11-16 16:42:11', '1');
INSERT INTO `fh_course` VALUES ('145', '35', '少儿英语高级班课程', '<p>Level 3 目标：现在简单时与现在进行时应用，过去简单时与频率副词应用，What/Let&rsquo;s/Where/How/Why的应用，过去简单时及规则，不规则动词变化，形容词比较级，When/Where/What/ Yes &amp; No问句，动手做活动，阅读长篇故事 主题：月份，蔬菜，早餐餐点，食物，电子产品，体育用品，休闲活动，家事，校园设施，社区活动场所，时间，房间，描述外观的形容词，日常活动与事件，序数1st-31st, 节庆，日常工作，身体动作，运动，国家，语言，性别，收集品，动物，颜色，水果，科目 发音：Sh, ph, th, wh, ch, oo</p>\r\n\r\n<p>Level 4 目标：简单现在时，Where/What/Who/Which/Can/How many/Should /Whose/How far的应用，Have/Has, 量词a lot of, a little, too much, not enough, a few, too many使用，形容词比较级，级，未来时，感官动词，过去简单时及规则，不规则动词变化, 作文练习， 动手做活动，阅读长篇故事 主题：动物，动作，食物， 描述物品差异，自然景物与户外活动，职业, 社区与场所，方位描述与问路，百货公司, 购物 发音：sn, sm, sk, st, ar, or, ir, er,</p>\r\n\r\n<p>Level 5-6 目标：宾格，look like, 国家，未来时与过去时应用，多时态语法表达，副词，频率副词应用，过去进行时，Why/Because, 独立作文练习，量词（a pot of/a cup of/a can of/ a bowel of, a piece of/a slice of）与食物应用， 物主代词，完成时， 动手做活动，阅读长篇故事及阅读理解 主题：物件材质，人物外表描述，环保话题，旅游, 电器产品与生活，疾病，自然灾害，气候, 野外活动，野生动物，精致阅读 发音：bl, pl, gl, cl, aw, ow, ou, oi</p>', '高级', '1年', '电话咨询', '语言培训-英语-少儿英语', '/resource/upload/images/2017/11/16/1510821783357128.jpg', '26', '2017-11-16 16:43:03', '1');
INSERT INTO `fh_course` VALUES ('146', '35', '提高幼少儿英语口语班', '<p><strong>如何提高幼少儿英语口语班</strong></p>\r\n\r\n<p><strong>自然拼音学习</strong></p>\r\n\r\n<p><strong>幼少儿素质教育</strong></p>\r\n\r\n<p><strong>中外教配合教学模式</strong></p>\r\n\r\n<p><strong>既不失素质教育，同时孩子的学习成绩，英文能力的提高</strong></p>\r\n\r\n<p>在少儿英语口语提升中，多数人都常常强调一个&ldquo;练&rdquo;字，虽然&ldquo;练&rdquo;是会有一定的作用，但是要能脱口说英语，还得进行多方面训练，少儿英语口语提高包括了很多方面。所以，要想练就一口纯正地道流利的英语，请先找准适合自己的有效学习法，循序渐进地坚持操练吧!</p>\r\n\r\n<p>1、在没有语言环境的前提下，大量阅读英语文章是很凑效的，在阅读中你会找到语感、扩充词汇量、逐步养成英语思维的习惯。 2、进行必要的翻译训练，口译的基础是能很好的进行笔头翻译，笔译时有足够的时间让你思考，会为你的口译积累不少的翻译经验。 3、养成多听的习惯，开始练习时可以听语速比较慢的，然后听正常语速的，听的过程你来不及进行不同语言间的转换，从而逼着自己学会用英语思维。 4、寻找学伴一起练习口语。英语角是个不错的地方，在那里我们不但可以练习口语，还可以交流英语学习经验，开拓视野，提高英语学习兴趣。 5、创造说英语的环境，抓住一切机会与英语高手、甚至老外交流，从而养成用英语思维、用英语表达的习惯。 6、有种方法非常有效且很容易坚持，那就是：口译汉英对照(或英汉对照)的小说或其它读物。首先，我们先读汉语部分，然后逐句直接口译成英文，完成一小段后，去看书上的对应英文部分，并与我们的口译进行比较。这样，我们马上可以发现我们口译的错误，缺点和进步。 以上六点供大家参考学习，希望在提高少儿英语口语能力中能有所帮助，能有所突破！</p>', '入门级', '3-6个月', '电话咨询', '语言培训-英语-少儿英语', '/resource/upload/images/2017/11/16/1510821827076129.jpg', '34', '2017-11-16 16:43:47', '1');
INSERT INTO `fh_course` VALUES ('147', '36', '常州幼儿英语爱乐奇学习班', '<p><strong>常州幼儿英语爱乐奇学习班</strong></p>\r\n\r\n<p><strong>【爱乐奇英语介绍】</strong></p>\r\n\r\n<p>级别S：着重培养学习兴趣；</p>\r\n\r\n<p>级别1-3：着重培养学生学习方法；</p>\r\n\r\n<p>级别4-6：着重提高学生学习成绩。</p>\r\n\r\n<p><strong>【招生对象】</strong></p>\r\n\r\n<p>幼儿大班&mdash;&mdash;小学3年级。</p>\r\n\r\n<p><strong>【课程介绍】</strong></p>\r\n\r\n<p>包括少儿英语小学英语教学大纲的全部知识点，帮助孩子巩固学校课堂所学内容，真正做到提高孩子的学习成绩。拓展部分根据美国和英国小学新课标的1-2年级内容编写，为孩子将来出国升学打好基础。</p>\r\n\r\n<p><strong>【课程特色】</strong></p>\r\n\r\n<p>7个级别由易到简，针对不同学习目的，为学生打造最科学的系统计划，学完全部课程，学生可全面掌握日常英语应用的听说读写技能；多媒体课程软件互动式教学，学生学得更快乐；课后平台巩固，家长老师及时掌握孩子的学习情况。</p>', '入门级', '1年', '电话咨询', '语言培训-英语-少儿英语', '/resource/upload/images/2017/11/16/1510821950966130.jpg', '35', '2017-11-16 16:45:51', '1');
INSERT INTO `fh_course` VALUES ('148', '36', '常州英语儿歌学习班', '<p><strong>常州英语儿歌学习班</strong></p>\r\n\r\n<p><strong>【英语宝岛课程介绍】</strong></p>\r\n\r\n<p>8个单元；8个主题；150个核心词汇；40个核心句型；多首儿歌、歌曲。</p>\r\n\r\n<p><strong>【适合对象】</strong></p>\r\n\r\n<p>幼儿园大班-小学三年级。</p>\r\n\r\n<p><strong>【课程介绍】</strong></p>\r\n\r\n<p>以语言呈现、练习、语言产出及个人应用四个步骤呈现主题语言。课堂主要内容包括课前热身、学生活动、字母拼读活动以及重点复习四大部分。语音、语法强化性的加入课堂教学与练习当中。大量的听、说练习是以融入游戏方式来提高孩子的兴趣，最终有效的提高孩子的听说读写应用能力，学生在充满创意又有趣的故事、歌曲及各种不同的活动学习英语。</p>\r\n\r\n<p><strong>【课程特色】</strong></p>\r\n\r\n<p>以学生所熟悉的迪士尼卡通人物及故事场景为单元，引人入胜 的剧情图和熟悉的迪士尼角色能够马上抓住学生的注意力；融入美国孩子学习其母语最常使用、最有效的方法，Phonics（字母拼读法），启蒙孩子发音准 确，便于以后容易记忆单词。让孩子拥有&ldquo;见字读音、听音拼字&rdquo;能力，为日后的阅读能力打下稳固的基础。</p>', '入门级', '1年', '电话咨询', '语言培训-英语-少儿英语', '/resource/upload/images/2017/11/16/1510822008857131.jpg', '79', '2017-11-16 16:46:49', '1');
INSERT INTO `fh_course` VALUES ('149', '36', '常州少儿英语新概念培训班', '<p><strong>常州少儿英语新概念培训班</strong></p>\r\n\r\n<p><strong>【课程介绍】</strong></p>\r\n\r\n<p>由浅入深，逐步讲解语法要点，学习者可轻松掌握枯燥的语法知识，构建稳固的英语基础；并通过对句型的分析及对词汇、短语的讲解，学习者可在听、说、读、写四大技能培养中真正运用地道的英语。</p>\r\n\r\n<p><strong>【课程特色】</strong></p>\r\n\r\n<p>课文短小精悍，条理清晰，每篇课文重点突出一项语法知识点，并会融合在后期的课文中，学习者学习新语法同时，重复和巩固已学过的语法，这样可以帮助学习者牢固掌握语法规则；与考纲考点相结合，强调技巧性，着重加强学生语法、阅读等薄弱环节。并结合本中心内部练习，更有针对性。</p>\r\n\r\n<p><strong>【培训班级介绍】</strong></p>\r\n\r\n<p><strong>新概念Ⅰ：</strong></p>\r\n\r\n<p>课程内容：1013个单词，1895个常用词汇，79个人名，39个地名，1087个句子，143个短语</p>\r\n\r\n<p>招生对象：4-6年级； 上课周期：19个月。</p>\r\n\r\n<p><strong>新概念Ⅱ：</strong></p>\r\n\r\n<p>课程内容：982个单词，1862个常用词汇，69个人名，57个地名，1129个句子</p>\r\n\r\n<p>招生对象：7-9年级； 上课周期：13个月。</p>', '入门级', '2年', '电话咨询', '语言培训-英语-少儿英语', '/resource/upload/images/2017/11/16/1510822111919132.jpg', '21', '2017-11-16 16:48:32', '1');
INSERT INTO `fh_course` VALUES ('150', '36', '常州幼儿园三岁英语学习班', '<p><strong>常州幼儿英语爱乐奇学习班</strong></p>\r\n\r\n<p><strong>【爱乐奇英语介绍】</strong></p>\r\n\r\n<p>级别S：着重培养学习兴趣；</p>\r\n\r\n<p>级别1-3：着重培养学生学习方法；</p>\r\n\r\n<p>级别4-6：着重提高学生学习成绩。</p>\r\n\r\n<p><strong>【招生对象】</strong></p>\r\n\r\n<p>幼儿大班&mdash;&mdash;小学3年级。</p>\r\n\r\n<p><strong>【课程介绍】</strong></p>\r\n\r\n<p>包括少儿英语小学英语教学大纲的全部知识点，帮助孩子巩固学校课堂所学内容，真正做到提高孩子的学习成绩。拓展部分根据美国和英国小学新课标的1-2年级内容编写，为孩子将来出国升学打好基础。</p>\r\n\r\n<p><strong>【课程特色】</strong></p>\r\n\r\n<p>7个级别由易到简，针对不同学习目的，为学生打造最科学的系统计划，学完全部课程，学生可全面掌握日常英语应用的听说读写技能；多媒体课程软件互动式教学，学生学得更快乐；课后平台巩固，家长老师及时掌握孩子的学习情况。</p>', '入门级', '1年', '电话咨询', '语言培训-英语-少儿英语', '/resource/upload/images/2017/11/16/1510822174373133.jpg', '23', '2017-11-16 16:49:34', '1');
INSERT INTO `fh_course` VALUES ('151', '37', '格林少儿英语课程介绍', '<p>常规课程分为：初阶和中阶<br />\r\n<br />\r\n<br />\r\n初阶： 预科班、循环（一环） 1-8册、自然拼音系统学习、9-12册<br />\r\n第二循环（二环） 第三循环（三环） 中阶：</p>\r\n\r\n<p>系统音标学习</p>\r\n\r\n<p>朗文国际英语（SBS）全四册</p>\r\n\r\n<p>（辅助教材：新概念英语全四册中学生百科英语全四册）</p>\r\n\r\n<p>&nbsp;</p>\r\n\r\n<p>&nbsp;</p>\r\n\r\n<p>纯外教英语角魔力词汇中级</p>\r\n\r\n<p>主题式英语角听力初级</p>\r\n\r\n<p>寒暑假强化班听力中级</p>\r\n\r\n<p>特色班 自然拼音强化班 听力高级</p>\r\n\r\n<p>语法强化班看图说话</p>\r\n\r\n<p>音标班英语奥数</p>\r\n\r\n<p>百科英语班影视欣赏与评论</p>\r\n\r\n<p>即兴演讲与写作</p>\r\n\r\n<p>好奇大百科</p>\r\n\r\n<p>&nbsp;</p>\r\n\r\n<p>演讲稿正音</p>\r\n\r\n<p>台风仪容</p>\r\n\r\n<p>全国性比赛培训 英文才艺</p>\r\n\r\n<p>回答问题</p>\r\n\r\n<p>看图说话</p>', '中级', '1个月以内', '电话咨询', '语言培训-英语-少儿英语', '/resource/upload/images/2017/11/16/1510822236388134.jpg', '21', '2017-11-16 16:50:36', '1');
INSERT INTO `fh_course` VALUES ('152', '37', '格林少儿英语常规课程', '<ul>\r\n	<li><strong>常规课程</strong></li>\r\n</ul>\r\n\r\n<p>常规课程是小会员报名后参加的核心课程。常规课程每周一次课，每次课时长为2小时。常规课程分为初阶与中阶两大学习阶段。常规课程全面帮助小朋友提升英文听、说、读、写各方面的能力。</p>', '入门级', '1个月以内', '电话咨询', '语言培训-英语-少儿英语', '/resource/upload/images/2017/11/16/1510822281904135.jpg', '21', '2017-11-16 16:51:22', '1');
INSERT INTO `fh_course` VALUES ('153', '37', '格林少儿英语初阶课程', '<p>初阶课程是为英语0基础及有初步英文基础的小朋友量身打造的初级别课程。初阶使用阶梯快乐儿童英语的初阶教材。本套教材分为课程单元（共12册，每册5课）与自然拼音（共4册，每册3课）两大部分。在实际教学过程中，课程单元为主线，自然拼音为辅助内容。整个初阶学习中，除常规上课，每周还会有特色教学，小朋友可以与带班老师在中以一对一、纯英文方式复习当周所学内容。初阶课程按阶段分为预科班及三大循环&mdash;&mdash;循环（一环）、第二循环（二环）与第三循环（三环）。整个初阶课程学完需要两年半至三年的时间。完成初阶课程的小会员，英文能力在小学六年级水平以上。</p>', '入门级', '1年', '电话咨询', '语言培训-英语-少儿英语', '/resource/upload/images/2017/11/16/1510822329201136.jpg', '24', '2017-11-16 16:52:09', '1');
INSERT INTO `fh_course` VALUES ('154', '37', '格林少儿英语预科课程', '<ul>\r\n	<li><strong>预科班</strong></li>\r\n</ul>\r\n\r\n<p>在初阶一环课程正式开始之前，小会员享受3-5次的免费预科班课程。每次预科班的时长为一个半小时。开设预科班的目的，主要为帮助0基础会员认识自己的带班老师，熟悉全英文教学环境，学习常用课堂用语及少量常用单词，建立良好的英文学习兴趣，养成良好的英文学习习惯，为之后的一环学习作好准备。</p>', '入门级', '1年', '电话咨询', '语言培训-英语-少儿英语', '/resource/upload/images/2017/11/16/1510822383107137.jpg', '45', '2017-11-16 16:53:03', '1');
INSERT INTO `fh_course` VALUES ('155', '38', '作文阅读班', '<p>有这样一种沉思： 当今教育重成绩，轻成长，赢在校园，输在社会。 有这样一种现状： 各类考试中，阅读理解，作文，开放型试卷，考与应考矛盾突出！ 有这样一种思考： 如何顺利通过今天的考试， 考试之后如何能在社会中游刃有余！ 有这样一个横空出世的课堂让你能找到这样一份： 深刻而卓越的思考力！ 系统而开阔的思维力！ 德才兼备的人格魅力！ 弘乐课堂运用丰富而灵活的操作方法提出&ldquo;全息思考理论&rdquo;，培养学生阅读理解的稳定而持续性的能力！ 文本的选用更是融入了情感体验，经典诵读，励志故事，口才与朗读，速读与速记，生活百科等丰富多彩的内容，真正寓教于乐，弘扬快乐教学，演绎学习的宗旨！ &ldquo;以学为乐终身乐&rdquo;，使学习真正成为快乐的事！</p>\r\n\r\n<p><strong>【学习周期】</strong>秋季班20次课 每次课程3课时。</p>\r\n\r\n<p><strong>【学员总数】</strong>满3人开班，不超过6人小班</p>', '初级', '3-6个月', '电话咨询', '语言培训-英语-少儿英语', '/resource/upload/images/2017/11/16/1510822627732138.jpg', '35', '2017-11-16 16:57:08', '1');
INSERT INTO `fh_course` VALUES ('156', '38', '中小学生秋季托管班', '<p>孩子课后没人管？――这里有全方位的托管服务</p>\r\n\r\n<p>孩子放学后不安全？――这里有舒适的环境和安全的</p>\r\n\r\n<p>孩子没自觉性，作业拖拉？――这里有专业的老师辅导作业</p>\r\n\r\n<p>担心孩子回家上网、看电视？――这里有有趣益智的游戏吸引他的注意力</p>\r\n\r\n<p>还想在课后提高孩子各方面的能力？――这里有多种拓展训练提升孩子的综合能力</p>\r\n\r\n<p><strong>晚托班内容及流程：</strong></p>\r\n\r\n<p><strong>1、</strong>学生签到后，老师辅导学生集中完成当天学校布置家庭作业</p>\r\n\r\n<p><strong>2、</strong>教师检查学生的作业完成情况，进行指正；</p>\r\n\r\n<p><strong>3、</strong>教师指导学生预习第二天的课程；</p>\r\n\r\n<p><strong>4、</strong>就当天学校与预习新课中遇到的问题请教老师；</p>\r\n\r\n<p><strong>5、</strong>纠正学生不良习惯、培养良好的独立自主思考与学习能力；</p>\r\n\r\n<p><strong>6、</strong>对及时完成作业的学生，适时安排课外阅读及趣味、益智游戏；</p>', '初级', '一周以内', '电话咨询', '语言培训-英语-少儿英语', '/resource/upload/images/2017/11/16/1510822745498139.jpg', '23', '2017-11-16 16:59:05', '1');
INSERT INTO `fh_course` VALUES ('157', '39', '少儿英语美国格林希尔小学精选课程', '<p>美国格林希尔外语教育的教学系统从小到大、一气呵成。 从美国幼儿园多元智慧的美语教学入门。到小学学科美语的教学，中学的课程，采用的是与美国同步的美国幼儿园、小学、中学学阶课程。引进国外最实用的教学系统，以循序渐进的方式将外语融入生活中，并将语法、拼字;阅读、写作的能力一步一步建构起来。</p>\r\n\r\n<p>　　透过系统性的学习、各种学阶的结合，分类，经由螺旋式教学复习、增强、进阶等有效率的学习、听、说、读、写各阶段的配合，才能让外语学习深植脑中。浸泡式的学习，活泼的互动学习、多媒体的管道，透过专家的严密审视研发出来的美国格林希尔外语学习方式，才能提供孩子最完美的基础、进阶学习。</p>\r\n\r\n<p>　　好的系统，必须要有优良的检测系统作为辅助。美国格林希尔外语与美国耶鲁琼森检定认证(Yale Chanson Exam)，给学员的学习。美国格林希尔外语少儿英语的小朋友们，2011年及2012年学员的检测通过率高达99.8%。通过这样缜密的要求，让学员带着自信，微笑迈向人生的各个阶段。</p>', '入门级', '3-6个月', '电话咨询', '语言培训-英语-少儿英语', '/resource/upload/images/2017/11/16/1510822825170140.jpg', '58', '2017-11-16 17:00:25', '1');
INSERT INTO `fh_course` VALUES ('158', '39', '格林希尔美国幼儿园英语课程', '<p>Greenhill 美国幼儿园英语</p>\r\n\r\n<p>　　课程特色：透过系统性的学习、各种学阶的结合，分类，经由螺旋式教学复习、增强、进阶等有效率的学习、听、说、读、写各阶段的配合，才能让外语学习深植脑中。浸泡式的学习，活泼的互动学习、多媒体的管道，透过专家的严密审视研发出来的美国格林希尔外语学习方式，才能提供孩子最完美的基础、进阶学习。</p>\r\n\r\n<p>　　K Level 主要针对2-6岁的孩子设计，总共有四个级别在听、说、读、写上奠定良好的基础，配合年龄层发展的需要，已有趣生动的方法打开孩子学习英语之门。包括多元智慧的各个领域，语文、数学、自然科学、艺术、人际关系等等，配合Smartees的自然发音系列，从生活发展到各领域，从自然发音进阶到阅读，按步就班，以游戏及有趣的方式奠定英语学习的基础。</p>\r\n\r\n<p>　　K Level 的学习配合大型数位互动电视的学习，将活动更生动化。书本中的卡通人物都跳跃出来成为孩子的好伙伴。有趣的互动活动增添了孩子学习的乐趣及学习的意愿。格林希尔配备未来学校的数位配备，学习、评测、游戏三位一体，提供的学习环境和学习方法。</p>', '入门级', '3-6个月', '电话咨询', '语言培训-英语-少儿英语', '/resource/upload/images/2017/11/16/1510822869169141.jpg', '91', '2017-11-16 17:01:09', '1');
INSERT INTO `fh_course` VALUES ('159', '39', '格林希尔少儿英语2-12岁课程', '<p>Greenhill 美国小学英语</p>\r\n\r\n<p>　　课程特色：透过系统性的学习、各种学阶的结合，分类，经由螺旋式教学复习、增强、进阶等有效率的学习、听、说、读、写各阶段的配合，才能让外语学习深植脑中。浸泡式的学习，活泼的互动学习、多媒体的管道，透过专家的严密审视研发出来的美国格林希尔外语学习方式，才能提供孩子最完美的基础、进阶学习。</p>\r\n\r\n<p>　　E Level 主要针对7-12岁的孩子，也就是美国小学一年级至六年级的学童设计，总共有十二个级别在听、说、读、写上进阶精进，将生活美语深化，加入数学、艺术、科学、语言等学科科目，配合ESL的学习，让英文成为获取各方面知识的工具。</p>\r\n\r\n<p>　　该课程有两种不同的学习课程形态，包括了ESL课程及美国学科课程。ESL主要以第二外国语的学习方式，以牛津、剑桥的教材为主调，注重的是孩子口语的表达，语法的使用及词汇的累积，阅读能力的培养。</p>', '初级', '1年', '电话咨询', '语言培训-英语-少儿英语', '/resource/upload/images/2017/11/16/1510822911748142.jpg', '24', '2017-11-16 17:01:52', '1');
INSERT INTO `fh_course` VALUES ('160', '39', '格林希尔少儿英语3-12岁课程', '<p>Greenhill 美国中学课程</p>\r\n\r\n<p>　　课程特色：透过系统性的学习、各种学阶的结合，分类，经由螺旋式教学复习、增强、进阶等有效率的学习、听、说、读、写各阶段的配合，才能让外语学习深植脑中。浸泡式的学习，活泼的互动学习、多媒体的管道，透过专家的严密审视研发出来的美国格林希尔外语学习方式，才能提供孩子最完美的基础、进阶学习。</p>\r\n\r\n<p>　　高中的教学系统有分成两种系统，一种是ESL的系统，另一种是美国学科系统，主要针对学员不同的需求所设计的。针对需要去国外进修的学员，我们的系统可以顺利衔接国外高中的系统，辅助未来顺利进行国外的课业。</p>\r\n\r\n<p>　　格林希尔中学课程以美国当地使用的主教材、阅读辅助教材为主。从美国小学课程向上联结，以螺旋式的方式让学习深化。</p>', '中级', '2年', '电话咨询', '语言培训-英语-少儿英语', '/resource/upload/images/2017/11/16/1510822954373143.jpg', '34', '2017-11-16 17:02:34', '1');
INSERT INTO `fh_course` VALUES ('161', '40', '常州少儿拉丁舞春季培训班', '<p><strong>少儿拉丁舞不仅是一种形体训练，更是增强体质，培养气质的良好途径，它对孩子的发育成长，对孩子的体力、耐力、肌肉、关节韧带以及坚强的意志，刻苦耐劳的精神锻炼都有很好的作用。而且对孩子身体的平衡力、稳定性、灵敏度、反映力等都有明显的加強。拉丁舞特有的训练方法，能够让正处于发育阶段的孩子骨骼及肌肉尽量向上伸展，比同龄人更具有良好的形体和优美的气质。另外对于青少年中普遍存在的驼背、耸肩、含胸、内八脚及肥胖等能起到明显的矫正作用。</strong></p>', '入门级', '3-6个月', '电话咨询', '艺术-舞蹈-拉丁舞', '/resource/upload/images/2017/11/16/1510823059654144.jpg', '96', '2017-11-16 17:04:20', '1');
INSERT INTO `fh_course` VALUES ('162', '40', '常州少儿硬笔书法春季培训班', '', '入门级', '3-6个月', '电话咨询&middot;', '艺术-美术-书法', '/resource/upload/images/2017/11/16/1510823144295145.jpg', '35', '2017-11-16 17:05:44', '1');
INSERT INTO `fh_course` VALUES ('163', '40', '索特培训秋季班硬笔书法培训', '<p>索特培训秋季班硬笔书法培训(5周岁以上)</p>\r\n\r\n<p><strong>硬笔书法是一门实用性很强的艺术，被称为人的&quot;第二张脸&quot;。少儿阶段是学习硬笔书法的时机，这个时候开始学习硬笔书法，不仅能培养孩子的审美能力，而且也是对孩子的耐心和毅力的锻炼，对孩子的全面发展有益。</strong></p>', '入门级', '一周以内', '电话咨询', '艺术-美术-书法', '/resource/upload/images/2017/11/16/1510823196216146.jpg', '45', '2017-11-16 17:06:36', '1');
INSERT INTO `fh_course` VALUES ('164', '41', '武术散打教学', '<p><strong>在这里，各种翻各种器械（刀枪剑棍）都可以学习到，各种技击格斗技巧，在练习跆拳道过程中学习中华武术文化，我们还有各种武术操，既可以学习武术还可以学习到三字经、弟子规等经典国学文化！我们不仅是孩子的教练，更是他们的朋友，遇到问题我们与您一起努力，帮助孩子健康快乐的成长！</strong></p>', '入门级', '一周以内', '电话咨询', '体育-技击-武术', '/resource/upload/images/2017/11/16/1510823591779147.jpg', '23', '2017-11-16 17:13:12', '1');
INSERT INTO `fh_course` VALUES ('165', '41', '跆拳道初级班', '<p><strong>&nbsp;初级班</strong><br />\r\n1、&nbsp;理论：跆拳道礼仪、跆拳道发展史、先今跆拳道的状况，跆拳道各种动作的用途及跆拳道精神要素。<br />\r\n2、&nbsp;手部动作：两手冲拳、正拳、直拳、横拳、勾拳、二段冲拳、三段冲拳、下段防御、中段防御、上段防御、拿耙方法、实战准备姿势、品势准备姿势。<br />\r\n3、&nbsp;品势：太极一章、太极二章。<br />\r\n4、&nbsp;腿部动作：马步、弓步、前行步、三七步、平行步、正踢、外摆、内踢、前踢、横踢、下劈、推踢。<br />\r\n5、&nbsp;步法：上步、退步、垫步、换步。</p>', '入门级', '一周', '电话咨询', '体育-技击-跆拳道', '/resource/upload/images/2017/11/16/1510823647326148.jpg', '34', '2017-11-16 17:14:07', '1');
INSERT INTO `fh_course` VALUES ('166', '41', '跆拳道中级班', '<p><strong>中级班</strong><br />\r\n1、&nbsp;复习上一期的跆拳道内容。<br />\r\n2、&nbsp;手部动作：中段向外防御、单手刀、单手刀中段向内防御、单手刀中段向外防御、单手刀对练、双手刀、双手刀（下中）防御、贯手、手刀向上防御、背拳、砸拳。<br />\r\n3、&nbsp;品势：太极三章、太极四章。<br />\r\n4、&nbsp;腿部动作：后踢360后旋踢、侧踢、连续横踢、垫步旋踢、高段横踢、撤步横踢、垫步下劈。</p>', '中级', '一周以内', '电话咨询', '体育-技击-跆拳道', '/resource/upload/images/2017/11/16/1510823708466149.jpg', '41', '2017-11-16 17:15:08', '1');
INSERT INTO `fh_course` VALUES ('167', '41', '跆拳道高级班', '<p>1、&nbsp;复习上一期所学内容。<br />\r\n2、&nbsp;手部动作：双手刀下段防御、抱拳、震拳、肘法。<br />\r\n3、&nbsp;品势：太极五章、太极六章。<br />\r\n4、&nbsp;腿部动作：后踢、后摆、双飞踢、高段侧踢、各种腿法组合、腾空侧踢、腾空后摆、腾空后踢。<br />\r\n5、&nbsp;学习跆拳道竞赛规则、口令、比赛当中裁判员手势。<br />\r\n6、&nbsp;步法：斜进步、冲刺步。</p>', '高级', '一周以内', '电话咨询', '体育-技击-跆拳道', '/resource/upload/images/2017/11/16/1510823757294150.jpg', '24', '2017-11-16 17:15:57', '1');
INSERT INTO `fh_course` VALUES ('168', '41', '跆拳道特训班', '<p><strong>特训班</strong><br />\r\n1、&nbsp;品势：太极七章、太极八章。<br />\r\n2、&nbsp;实战技术练习。<br />\r\n3、&nbsp;主要学习跆拳道的理论还有竞技跆拳道的各种技术运用，以及关于它的各种特技。<br />\r\n特技有：<br />\r\n1、&nbsp;腾空单腿踢击木板。<br />\r\n2、&nbsp;腾空双腿分叉踢击两块木板。<br />\r\n3、&nbsp;腾空450度后旋踢踢击木板。<br />\r\n4、&nbsp;旋风踢踢击两块木板。<br />\r\n5、&nbsp;腾空连续击破三块木板<br />\r\n6、&nbsp;腾空飞跃八人击破，还有种种特技。</p>', '高级', '一周以内', '电话咨询', '体育-技击-跆拳道', '/resource/upload/images/2017/11/16/1510823818732151.jpg', '34', '2017-11-16 17:16:59', '1');
INSERT INTO `fh_course` VALUES ('169', '42', '小提琴课程', '<table border=\"1\" style=\"width:101%\">\r\n	<tbody>\r\n		<tr>\r\n			<td>\r\n			<p><strong>类别</strong></p>\r\n			</td>\r\n			<td>\r\n			<p><strong>科目</strong></p>\r\n			</td>\r\n			<td>\r\n			<p><strong>课程</strong></p>\r\n			</td>\r\n			<td>\r\n			<p><strong>备注</strong></p>\r\n			</td>\r\n		</tr>\r\n		<tr>\r\n			<td rowspan=\"2\">\r\n			<p><strong>小提琴课程</strong></p>\r\n			</td>\r\n			<td rowspan=\"2\"><strong>小提琴</strong></td>\r\n			<td>\r\n			<p><strong>一对一</strong></p>\r\n			</td>\r\n			<td>\r\n			<p><strong>预约</strong></p>\r\n			</td>\r\n		</tr>\r\n		<tr>\r\n			<td>\r\n			<p><strong>集体课</strong></p>\r\n			</td>\r\n			<td>\r\n			<p><strong>统一安排</strong></p>\r\n			</td>\r\n		</tr>\r\n	</tbody>\r\n</table>', '入门级', '一周以内', '电话咨询', '艺术-乐器-小提琴', '/resource/upload/images/2017/11/17/1510883797610001.jpg', '38', '2017-11-17 09:56:38', '1');
INSERT INTO `fh_course` VALUES ('170', '42', '古筝课程', '<table border=\"1\" style=\"width:97%\">\r\n	<tbody>\r\n		<tr>\r\n			<td>\r\n			<p><strong>类别</strong></p>\r\n			</td>\r\n			<td>\r\n			<p><strong>科目</strong></p>\r\n			</td>\r\n			<td>\r\n			<p><strong>课程</strong></p>\r\n			</td>\r\n			<td>\r\n			<p><strong>备注</strong></p>\r\n			</td>\r\n		</tr>\r\n		<tr>\r\n			<td>\r\n			<p><strong>器乐类</strong></p>\r\n			</td>\r\n			<td>\r\n			<p>钢琴、古筝、小提琴、二胡、吉他、爵士鼓、萨克斯</p>\r\n			</td>\r\n			<td>\r\n			<p>一对一、小组课</p>\r\n			</td>\r\n			<td>\r\n			<p>&nbsp;</p>\r\n			</td>\r\n		</tr>\r\n		<tr>\r\n			<td>\r\n			<p><strong>舞蹈类</strong></p>\r\n			</td>\r\n			<td>\r\n			<p>中国舞、街舞、爵士舞、拉丁舞</p>\r\n			</td>\r\n			<td>\r\n			<p>集体课</p>\r\n			</td>\r\n			<td>\r\n			<p>&nbsp;</p>\r\n			</td>\r\n		</tr>\r\n		<tr>\r\n			<td>\r\n			<p><strong>美术类</strong></p>\r\n			</td>\r\n			<td>\r\n			<p>儿童创意画、素描、色彩、手工、漫画</p>\r\n			</td>\r\n			<td>\r\n			<p>集体课</p>\r\n			</td>\r\n			<td>\r\n			<p>&nbsp;</p>\r\n			</td>\r\n		</tr>\r\n		<tr>\r\n			<td>\r\n			<p><strong>其他类</strong></p>\r\n			</td>\r\n			<td>\r\n			<p>硬笔书法、软笔书法、跆拳道</p>\r\n			</td>\r\n			<td>\r\n			<p>集体课</p>\r\n			</td>\r\n			<td>\r\n			<p>&nbsp;</p>\r\n			</td>\r\n		</tr>\r\n		<tr>\r\n			<td>\r\n			<p><strong>陪练课</strong></p>\r\n			</td>\r\n			<td>\r\n			<p>钢琴 、古筝</p>\r\n			</td>\r\n			<td>\r\n			<p>一对一、小组课</p>\r\n			</td>\r\n			<td>\r\n			<p>&nbsp;</p>\r\n			</td>\r\n		</tr>\r\n		<tr>\r\n		</tr>\r\n	</tbody>\r\n</table>', '入门级', '一周以内', '电话咨询', '艺术-乐器-古筝', '/resource/upload/images/2017/11/17/1510883855486002.jpg', '20', '2017-11-17 09:57:36', '1');
INSERT INTO `fh_course` VALUES ('171', '42', '吉他课程', '<table border=\"1\" style=\"width:108%\">\r\n	<tbody>\r\n		<tr>\r\n			<td>\r\n			<p><strong>类别</strong></p>\r\n			</td>\r\n			<td>\r\n			<p><strong>科目</strong></p>\r\n			</td>\r\n			<td>\r\n			<p><strong>课程</strong></p>\r\n			</td>\r\n			<td>\r\n			<p><strong>备注</strong></p>\r\n			</td>\r\n		</tr>\r\n		<tr>\r\n			<td rowspan=\"2\">\r\n			<p><strong>吉他课程</strong></p>\r\n			</td>\r\n			<td rowspan=\"2\">\r\n			<p><strong>电吉他、民谣吉他、古典吉他</strong></p>\r\n			</td>\r\n			<td>\r\n			<p><strong>一对一</strong></p>\r\n			</td>\r\n			<td>\r\n			<p><strong>预约</strong></p>\r\n			</td>\r\n		</tr>\r\n		<tr>\r\n			<td>\r\n			<p><strong>集体课</strong></p>\r\n			</td>\r\n			<td>\r\n			<p><strong>统一安排</strong></p>\r\n			</td>\r\n		</tr>\r\n	</tbody>\r\n</table>', '入门级', '一周以内', '电话咨询', '艺术-乐器-吉他', '/resource/upload/images/2017/11/17/1510883906316003.jpg', '63', '2017-11-17 09:58:26', '1');
INSERT INTO `fh_course` VALUES ('172', '42', '钢琴课程', '<p>&nbsp;</p>\r\n\r\n<table border=\"1\" style=\"width:97%\">\r\n	<tbody>\r\n		<tr>\r\n			<td>\r\n			<p><strong>类别</strong></p>\r\n			</td>\r\n			<td>\r\n			<p><strong>科目</strong></p>\r\n			</td>\r\n			<td>\r\n			<p><strong>课程</strong></p>\r\n			</td>\r\n			<td>\r\n			<p><strong>备注</strong></p>\r\n			</td>\r\n		</tr>\r\n		<tr>\r\n			<td>\r\n			<p><strong>器乐类</strong></p>\r\n			</td>\r\n			<td>\r\n			<p>钢琴、古筝、小提琴、二胡、吉他、爵士鼓、萨克斯</p>\r\n			</td>\r\n			<td>\r\n			<p>一对一、小组课</p>\r\n			</td>\r\n			<td>\r\n			<p>&nbsp;</p>\r\n			</td>\r\n		</tr>\r\n		<tr>\r\n			<td>\r\n			<p><strong>舞蹈类</strong></p>\r\n			</td>\r\n			<td>\r\n			<p>中国舞、街舞、爵士舞、拉丁舞</p>\r\n			</td>\r\n			<td>\r\n			<p>集体课</p>\r\n			</td>\r\n			<td>\r\n			<p>&nbsp;</p>\r\n			</td>\r\n		</tr>\r\n		<tr>\r\n			<td>\r\n			<p><strong>美术类</strong></p>\r\n			</td>\r\n			<td>\r\n			<p>儿童创意画、素描、色彩、手工、漫画</p>\r\n			</td>\r\n			<td>\r\n			<p>集体课</p>\r\n			</td>\r\n			<td>\r\n			<p>&nbsp;</p>\r\n			</td>\r\n		</tr>\r\n		<tr>\r\n			<td>\r\n			<p><strong>其他类</strong></p>\r\n			</td>\r\n			<td>\r\n			<p>硬笔书法、软笔书法、跆拳道</p>\r\n			</td>\r\n			<td>\r\n			<p>集体课</p>\r\n			</td>\r\n			<td>\r\n			<p>&nbsp;</p>\r\n			</td>\r\n		</tr>\r\n		<tr>\r\n			<td>\r\n			<p><strong>陪练课</strong></p>\r\n			</td>\r\n			<td>\r\n			<p>钢琴 、古筝</p>\r\n			</td>\r\n			<td>\r\n			<p>一对一、小组课</p>\r\n			</td>\r\n			<td>\r\n			<p>&nbsp;</p>\r\n			</td>\r\n		</tr>\r\n		<tr>\r\n			<td>\r\n			<p>&nbsp;</p>\r\n			</td>\r\n			<td>\r\n			<p>&nbsp;</p>\r\n			</td>\r\n			<td>\r\n			<p>&nbsp;</p>\r\n			</td>\r\n			<td>\r\n			<p>&nbsp;</p>\r\n			</td>\r\n		</tr>\r\n	</tbody>\r\n</table>\r\n\r\n<p>&nbsp;</p>\r\n\r\n<p>&nbsp;</p>', '入门级', '一周以内', '电话咨询', '艺术-乐器-钢琴', '/resource/upload/images/2017/11/17/1510884120399005.jpg', '73', '2017-11-17 10:02:00', '1');
INSERT INTO `fh_course` VALUES ('173', '43', '常州成人少儿素描培训班', '<p><strong>常州上元成人少儿素描培训班</strong></p>\r\n\r\n<p>素描是其他艺术的必然基础，尤其是水彩，油画，版画，雕刻(浮雕)， 另外对平面设计，也是画草图的必要基础。素描虽然被视为是两度空间 的艺术，不需要颜色及第3度空间，却也同时暗示这两者。</p>\r\n\r\n<p>素描是绘画入门课，是构成油画、雕塑、建筑以及其他绘画的基础。要想成为画家的人，总是通过素描着门基本功的掌握，锻炼自己的观察力和表达物象的能力。早在文艺复兴期间，人们就意识到素描技能是画家的首要技能，像达芬奇、米开朗基罗等艺术家，都是从少年时代起画了成千上万的素描稿。素描既是训练手（表达）的过程，也是训练眼睛和脑子的过程。通过素描训练，可以帮助学生系统地观察事物，使眼睛具有敏锐的辨别能力；通过绘画技法的训练，可以培养学生视觉思维能力和艺术审美力。<br />\r\n<strong>1、教学目的</strong></p>\r\n\r\n<p>素描是绘画入门课，也是其他绘画的基础。通过训练，可以帮助学生系统地观察事物，使眼睛具有敏锐的辨别能力；通过绘画技法的训练，可以培养学生视觉思维能力和艺术审美能力。<br />\r\n<strong>2、教学要求</strong></p>\r\n\r\n<p>以几何形体写生为主，从线条训练、透视原理、逐步认识体积、结构、明暗等素描的基础知识。<br />\r\n<strong>3、课程班别设置</strong></p>\r\n\r\n<p>初级素描：</p>\r\n\r\n<p>以几何形体写生为主，从线条训练、透视原理、逐步认识什么是体积、结构、明暗等有关素描的基础知识（主要工具为绘画铅笔），适应0基础的学员。</p>\r\n\r\n<p>课次：12/次 课时：1.5h 学习费用：580元(工具费：80)</p>\r\n\r\n<p>课次：12/次 课时：2.5h 学习费用：880元(工具费：80)</p>\r\n\r\n<p>中级素描：</p>\r\n\r\n<p>石膏几何体、石膏头骨、静物、石膏像、素描绘画理论。</p>\r\n\r\n<p>课次：12/次 学习费用：980元</p>\r\n\r\n<p>高级素描</p>\r\n\r\n<p>人头、半生像等</p>', '入门级', '2-3个月', '电话咨询', '艺术-美术-素描', '/resource/upload/images/2017/11/17/1510885237084007.jpg', '83', '2017-11-17 10:20:37', '1');
INSERT INTO `fh_course` VALUES ('174', '43', '常州上元儿童美术培训班', '<p><strong>常州上元儿童美术培训班</strong></p>\r\n\r\n<p><strong>教学目的：</strong></p>\r\n\r\n<p>培养孩子的动手操作能力，充分发挥想象力和创造力</p>\r\n\r\n<p><strong>教学要求：</strong></p>\r\n\r\n<p>通过绘画、手工和剪纸培养儿童的想象力，开发幼儿大脑，从而达到锻炼他们的思维能力和动手操作能力。</p>\r\n\r\n<p><strong>课程班别设置</strong>：</p>\r\n\r\n<p>幼儿美术-米罗小小班 课次：16/次&nbsp;</p>\r\n\r\n<p>幼儿美术-达芬奇少儿班 课次：16/次&nbsp;</p>\r\n\r\n<p>少儿美术-毕加索基础班 课次：16/次&nbsp;</p>\r\n\r\n<p>少儿美术-阿波罗大师班 课次：16/次&nbsp;</p>\r\n\r\n<p>注：1、年龄只是作为1个参考，也可以按学员的基础来报读班别。</p>\r\n\r\n<p>2、工具费以自愿为主。</p>', '入门级', '3-6个月', '电话咨询', '艺术-美术-水彩画', '/resource/upload/images/2017/11/17/1510885479059008.jpg', '46', '2017-11-17 10:24:39', '1');
INSERT INTO `fh_course` VALUES ('175', '43', '国画培训班', '<p><strong>常州上元国画培训班</strong></p>\r\n\r\n<p><strong>教学目的</strong>：学习中国画的工具材料及基本技法，理解意笔花鸟画和工笔花鸟画传统审美特征以及形式要素，体会中国画的学养、意境、气韵、笔墨、风格。</p>\r\n\r\n<p><strong>教学要求</strong>：要求学生把临摹作为学习的手段，不是目的。在临摹是要求以一种积极的态度发现作品中的内涵。</p>\r\n\r\n<p><strong>教学方法</strong>：以临摹为主，穿插示范教学，遵循从简到繁，由浅到深，循序渐近的原则</p>', '入门级', '2-3个月', '电话咨询', '艺术-美术-国画', '/resource/upload/images/2017/11/17/1510885528045009.jpg', '62', '2017-11-17 10:25:28', '1');
INSERT INTO `fh_course` VALUES ('176', '44', '国际象棋高级班', '', '高级', '电话咨询', '电话咨询', '体育-棋类-国际象棋', '/resource/upload/images/2017/11/17/1510886874984011.jpg', '36', '2017-11-17 10:47:55', '1');
INSERT INTO `fh_course` VALUES ('177', '44', '国际象棋中级班', '', '中级', '电话咨询', '电话咨询', '体育-棋类-国际象棋', '/resource/upload/images/2017/11/17/1510886909906012.jpg', '21', '2017-11-17 10:48:30', '1');
INSERT INTO `fh_course` VALUES ('178', '44', '国际象棋初级班', '', '入门级', '电话咨询', '电话咨询', '体育-棋类-国际象棋', '/resource/upload/images/2017/11/17/1510886956844013.jpg', '17', '2017-11-17 10:49:17', '1');
INSERT INTO `fh_course` VALUES ('179', '44', '国际象棋提高班', '', '入门级', '电话咨询', '电话咨询', '体育-棋类-国际象棋', '/resource/upload/images/2017/11/17/1510886987125014.jpg', '35', '2017-11-17 10:49:47', '1');

-- ----------------------------
-- Table structure for fh_franchisee
-- ----------------------------
DROP TABLE IF EXISTS `fh_franchisee`;
CREATE TABLE `fh_franchisee` (
  `franchisee_id` int(11) NOT NULL AUTO_INCREMENT,
  `franchisee_name` varchar(50) NOT NULL,
  `logo` varchar(255) DEFAULT NULL,
  `state` tinyint(2) DEFAULT '1',
  `create_time` datetime DEFAULT NULL,
  PRIMARY KEY (`franchisee_id`)
) ENGINE=MyISAM AUTO_INCREMENT=15 DEFAULT CHARSET=utf8;

-- ----------------------------
-- Records of fh_franchisee
-- ----------------------------
INSERT INTO `fh_franchisee` VALUES ('1', '昂立教育', '/resource/upload/images/2017/11/15/1510726099895011.jpg', '1', '2017-11-13 23:49:29');
INSERT INTO `fh_franchisee` VALUES ('3', 'SY', '/resource/upload/images/2017/11/15/1510726104785012.jpg', '1', '2017-11-13 23:49:51');
INSERT INTO `fh_franchisee` VALUES ('4', '星火教育', '/resource/upload/images/2017/11/15/1510726111191013.jpg', '1', '2017-11-13 23:49:57');
INSERT INTO `fh_franchisee` VALUES ('5', '常州青鸟教育', '/resource/upload/images/2017/11/15/1510726117207014.jpg', '1', '2017-11-13 23:50:09');
INSERT INTO `fh_franchisee` VALUES ('6', '思博教育', '/resource/upload/images/2017/11/17/1510889498906019.jpg', '1', '2017-11-14 10:22:18');
INSERT INTO `fh_franchisee` VALUES ('7', '学大教育', '/resource/upload/images/2017/11/15/1510726134691017.jpg', '1', '2017-11-14 10:22:25');
INSERT INTO `fh_franchisee` VALUES ('12', '美国格林希尔少儿英语', '/resource/upload/images/2017/11/17/1510889402797017.jpg', '1', '2017-11-15 14:10:45');
INSERT INTO `fh_franchisee` VALUES ('11', '英孚教育', '/resource/upload/images/2017/11/17/1510889455781018.jpg', '1', '2017-11-15 14:10:37');
INSERT INTO `fh_franchisee` VALUES ('13', '新世界教育', '/resource/upload/images/2017/11/17/1510889524594020.jpg', '1', '2017-11-17 11:32:05');
INSERT INTO `fh_franchisee` VALUES ('14', '格林少儿英语', '/resource/upload/images/2018/03/08/1520476545573001.png', '1', '2017-11-17 11:32:41');

-- ----------------------------
-- Table structure for fh_school
-- ----------------------------
DROP TABLE IF EXISTS `fh_school`;
CREATE TABLE `fh_school` (
  `school_id` int(11) NOT NULL AUTO_INCREMENT,
  `name` varchar(50) NOT NULL COMMENT '学校名称',
  `tel` varchar(20) DEFAULT NULL COMMENT '学校电话',
  `logo` varchar(255) DEFAULT '' COMMENT '学校logo',
  `address` varchar(100) DEFAULT '' COMMENT '地址',
  `hot` int(5) DEFAULT '0' COMMENT '学校人气',
  `training_type` varchar(100) DEFAULT '' COMMENT '行业分类',
  `business_circle` varchar(100) DEFAULT NULL COMMENT '商圈',
  `introduction` varchar(2250) DEFAULT NULL COMMENT '学校介绍',
  `label` varchar(255) DEFAULT '' COMMENT '标签',
  `state` tinyint(2) NOT NULL DEFAULT '1' COMMENT '状态：1-可用',
  `create_time` datetime DEFAULT NULL,
  PRIMARY KEY (`school_id`)
) ENGINE=MyISAM AUTO_INCREMENT=46 DEFAULT CHARSET=utf8;

-- ----------------------------
-- Records of fh_school
-- ----------------------------
INSERT INTO `fh_school` VALUES ('1', '墨鹤练字中心', '400-0505-811', '/resource/upload/images/2017/11/15/1510737416533013.jpg', '南大街商务馆A座4楼68-416室(3 4 5 6 7 8电梯上楼）', '32', '艺术-美术-书法', '常州-天宁区-南大街', '<p>墨鹤练字中心始建于2004年，是一所专业性很强的学校。是全国文化连锁机构，拥有雄厚的师资力量和丰富的教学经验。本校坚持&ldquo;以诚取信，以德积誉&rdquo;为办学宗旨，&ldquo;以人为本，服务社会&rdquo;为办学理念，提高全民书写素质。几年来为社会各界培养了近万名人才，其中多名学生在全国书法比赛中获奖。本中心专业教授写字，运用现代科技手段对常用字根、字型、篇章布局进行了系统总结、大胆探索，形成一套简洁、高效、易学、实用的汉字书写速成方法。此方法自2004年正式推出以来引起社会强烈反响，无数人因习得一手好字而找到工作、获得晋升、学习考试中增强了自信！学员学习效果惊人，争相传诵，书法名家、文化人士给予高度肯定和赞扬。建校以来，好评如潮，全力打造的练字学校。本中心主要开设课程有成&ldquo;5158&rdquo;行书38小时速成班和快乐楷书班，练字方法简单而独特，此方法以最科的方法、最省俭的时间，让练字人的书写水平达到规范、整洁，字体大方、潇洒、美观，速度书写起来又好又快！此方法注重学&ldquo;法&rdquo;不学&ldquo;字&rdquo;的理念！通过38小时的强化训练，即可轻松拥有一手漂亮的钢笔字。 墨鹤练字中心始建于2004年，是一所专业性很强的学校。是全国文化连锁机构，拥有雄厚的师资力量和丰富的教学经验。本校坚持&ldquo;以诚取信，以德积誉&rdquo;为办学宗旨，&ldquo;以人为本，服务社会&rdquo;为办学理念，提高全民书写素质。几年来为社会各界培养了近万名人才，其中多名学生在全国书法比赛中获奖。本中心专业教授写字，运用现代科技手段对常用字根、字型、篇章布局进行了系统总结、大胆探索，形成一套简洁、高效、易学、实用的汉字书写速成方法。此方法自2004年正式推出以来引起社会强烈反响，无数人因习得一手好字而找到工作、获得晋升、学习考试中增强了自信！学员学习效果惊人，争相传诵，书法名家、文化人士给予高度肯定和赞扬。建校以来，好评如潮，全力打造的练字学校。本中心主要开设课程有成&ldquo;5158&rdquo;行书38小时速成班和快乐楷书班，练字方法简单而独特，此方法以最科的方法、最省俭的时间，让练字人的书写水平达到规范、整洁，字体大方、潇洒、美观，速度书写起来又好又快！此方法注重学&ldquo;法&rdquo;不学&ldquo;字&rdquo;的理念！通过38小时的强化训练，即可轻松拥有一手漂亮的钢笔字。</p>', '', '1', '2017-11-10 23:05:11');
INSERT INTO `fh_school` VALUES ('3', '常州英孚少儿英语培训中心', '400-0505-811', '/resource/upload/images/2017/11/15/1510730294508034.jpg', '常州双桂坊45号常州文化馆1楼（刘海粟美术馆对面）', '46', '语言培训-英语-少儿英语', '常州-天宁区-南大街', '<p>EF英孚教育是全球的私人英语教育机构，主要致力于英语培训、留学旅游以及英语文化交流等方面。英孚教育是EF的一部分，后者是全球卓著的私立教育集团。自1965年起，英孚一直致力于打破语言、文化对交流形成的障碍，已经帮助了数以百万计的学生出国游学。</p>\r\n\r\n<p>英孚在全球范围内国家有多个办事处和少儿英语培训中心，并有全球化的少儿英语培训师、教授网络。英孚的少儿英语培训师们都非常善于启发式教育，配合先进的教学工具和定制的课程内容激发孩子学习英语的兴趣，我们的少儿英语培训师让课堂更生动有趣，学习效果自然水到渠成。</p>', '', '1', '2017-11-10 23:23:11');
INSERT INTO `fh_school` VALUES ('24', '常州学大教育', '400-0505-811', '/resource/upload/images/2017/11/15/1510726605451022.jpg', '常州市天宁区延陵西路23号投资广场10楼', '94', '学科辅导-小学', '常州-天宁区-文化宫', '<p>【师资】 常州学习中心目前教师总数390多人，专家20多人。&nbsp;</p>\r\n\r\n<p>【学习中心规模】 常州学习中心占地面积1300平方米，有4间办公室，6间咨询室，4间个性化教室，1间陪读教室。</p>\r\n\r\n<p><strong>学大教育</strong>创立于2001年9月，目前已在全国100多个城市开设了<strong>600</strong>多所个性化学习中心，在全国拥有<strong>15000</strong>多名员工，其中专职教师近万人，是目前国内个性化教育辅导机构的。截至目前，学大教育已使近百万学生受益，赢得了众多家长和学生的信赖。</p>\r\n\r\n<p>2010年11月2日，学大教育以&ldquo;XUE&rdquo;为股票代码，在纽约证券交易所(NYSE) 上市交易，是迄今中国赴美IPO融资规模的教育类公司。</p>\r\n\r\n<p>2014年，学大教育首创平台，用&ldquo;互联网+ 线下辅导&rdquo;的模式，实施大数据追踪，精准诊断学习问题，提高学习效率，实现教育过程闭环，将个性化教育升级为个性化智能教育。</p>\r\n\r\n<p>2015年，由于看好国内市场，学大教育牵手清华紫光开启回归A股之路。</p>\r\n\r\n<p>2016年，学大教育正式回归A 股（股票代码：000526），开创了中概股被上市公司直接收购回归A 股的新模式。</p>\r\n\r\n<p>未来，学大教育将在原有业务基础上，同步发力国际教育及在线教育，实现由辅导机构向综合性教育集团的战略转型。</p>', '', '1', '2017-11-14 10:07:22');
INSERT INTO `fh_school` VALUES ('25', '常州市昂立教育培训中心', '400-0505-811', '/resource/upload/images/2017/11/15/1510726342517020.jpg', '翠竹大道飞龙东路110-1号利家居7楼', '521', '学科辅导-小学', '常州-天宁区-火车站', '<p>昂立教育常州学校隶属于上海交大昂立教育集团，依托百年名校雄厚的师资力量、丰富的教育资源，积极探索、大胆创新，在英语、语文、数学、物理等教学上独辟蹊径，通过与国际上多所著名大学的合作，建立起一套适合中国孩子学习的系列教材体系和科学的教学模式，以&ldquo;让越来越多的孩子享受学习的快乐、自信、激情&rdquo;为使命，以&ldquo;打造卓越的教育培训品牌&rdquo;为目标，提出了&ldquo;不走弯路、快乐进步&rdquo;的教学口号。我们要做对中国现行教育产生影响的事！</p>\r\n\r\n<p>我们凭借强大的品牌实力，独特的教研成果，科学的教学方法，荣获&ldquo;全国社会满意度教育培训机构&rdquo;和&ldquo;全国社会责任心教育培训机构&rdquo;，堪称中国教育培训行业的航空母舰。</p>\r\n\r\n<p>&nbsp;</p>\r\n\r\n<p>我们要做中国现行教育产生影响的人！</p>\r\n\r\n<p>&nbsp;</p>', '', '1', '2017-11-14 10:08:46');
INSERT INTO `fh_school` VALUES ('26', '常州星火中小学教育辅导机构', '400-0505-811', '/resource/upload/images/2017/11/15/1510726370673021.jpg', '湖塘校区，新北校区，钟楼校区，天宁校区，金坛校区，', '5961', '学科辅导-小学', '常州-武进', '<p>常州星火中小学教育辅导机构常州星火中小学教育辅导机构常州星火中小学教育辅导机构常州星火中小学教育辅导机构</p>\r\n\r\n<p>星火教育成立于2003年，是中国领先的中小学教育辅导机构，立志成为具有影响力的百年育人集团。</p>\r\n\r\n<p>星火教育提出&ldquo;知人善教、培养品质、引发成长动力&rdquo;的教育理念，深入研究个性化教育、学习能力的开发和培养、家庭教育和前沿教育技术，始终提供先进的教学产品和优质的教学服务，帮助更多的学生获得更好的教育服务和发展机会，成为人生道路上的冠 军。</p>\r\n\r\n<p>星火教育拥有一支逾6000人的优秀师资队伍，每年辅导的学生超过20万人次，开设的课程有一对一个性化辅导、同步强固班组课、特色提分课程、三大考承诺班、A+培优等。</p>\r\n\r\n<p>目前，星火教育已成功进驻广州、深圳、东莞、佛山、中山、惠州、江门、湛江、珠海、无锡、扬州、武汉、合肥、青岛、大连、南昌、长沙、贵阳、昆明、西安、杭州、苏州、常州、呼和浩特、台州、温州、金华、福州、常熟、张家岗、郑州等全国30多个城市，在全国拥有超150个校区，获得&ldquo;中国具有综合实力教育集团&rdquo;、&ldquo;中国领军品牌课外教育机构&rdquo;、&ldquo;具又品牌价值教育机构&rdquo;等荣誉。</p>', '', '1', '2017-11-14 10:10:04');
INSERT INTO `fh_school` VALUES ('22', '常州沃尔得英语', '400-0505-811', '/resource/upload/images/2017/11/15/1510726626029024.jpg', '常州市钟楼区延陵西路172号', '62', '语言培训-英语', '常州-钟楼区-莱蒙都会', '<p>沃尔得国际英语是国内首家引入美国教育考试服务处（ETS）托业测评系统（T0EIC)的培训机构，并获得2008年奥运会帆船委员会的\\&quot;英语培训合作机构\\&quot;。 &nbsp;全国政协委员教育家、天文学家、澳门科技大学校长教授为常州中心特约顾问，为中心的教学和发展提供专业指导和建议。 &nbsp;沃尔得的使命：指导每1位学习者达到预期的学习目标，并帮助他们提升综合素质、实现人生的理想！ &nbsp;沃尔得倡导全方位、系统化的英语学习氛围，整体、细化地打造学员的英语水平，模拟如同置身国外的语言环境，运用高端专业的教学软件，配以大量辅助性教学活动，使得学员在我们的语言中心里可以在较短的时间内达到突破，并体验英语水平迅速提高的快乐与自信。&nbsp;</p>\r\n\r\n<p>&nbsp;沃尔得以持续提供优质的教育产品和服务来着力打造核心竞争力，高端的品质、优质的服务、良好的信誉是沃尔得的外在表现。 &nbsp;沃尔得国际英语采用世界先进的英语教学模式，由专业外籍教师1-4人小班上课及中教语言老师贴身指导，结合多媒体教学软件，为不同程度的英语学习者提供有效的个性化培训课程。 &nbsp;时至今日，沃尔得已成为全中国具有1定规模的国际英语培训机构，每年帮助国家、企事业单位管理人员精心设计语言培训方案和个性化课程，同时针对企业的特点和需求，为当地数家大中型企业（中国银行，天合光能，亚邦集团，环保局等）提供由有商务背景的语言专家精心设计的语言培训方案和个性化的培训课程，帮助公司提高员工国际竞争能力，实现国际商务的无障碍沟通。&nbsp;</p>\r\n\r\n<p>&nbsp;同时，沃尔得在中国上海、宁波、嘉兴、青岛、南通、长沙、广州、台州、南京&hellip;&hellip;等开办了十几家培训中心，让客户随时随地享受到我们的专业培训。我们相信&ldquo;Choose W0RLD, win the world&rdquo;。 &nbsp;学习、创新、服务、发展！成就优秀者人生！是沃尔得的企业文化。沃尔得为每位员工提供和谐的工作环境和广阔的发展空间。如果您愿意为梦想而努力，如果您在寻找发展机会，请加入W0RLD，和我们共同拥有&ldquo;0ne World, one Dream！&rdquo;</p>', '', '1', '2017-11-14 10:01:27');
INSERT INTO `fh_school` VALUES ('21', '常州韦博开心豆少儿英语', '400-0505-811', '/resource/upload/images/2017/11/15/1510729926749033.jpg', '北大街校区，武进校区，新北校区', '134', '语言培训-英语-少儿英语', '常州-钟楼区-北大街', '<p>常州开心豆是韦博教育旗下少儿英语教育品牌。2011年，开心豆少儿英语正式登陆上海，并开始全面进驻全国各大城市。 韦博&bull;开心豆少儿英语秉承韦博国际英语、韦博&bull;凯萨尔国际学院贯穿学员的终生制教育理念，为孩子带来360&deg;最为优质、高端的教学服务与体验。截止至目前，隶属韦博教育集团的韦博国际英语、韦博&bull;开心豆少儿英语、韦博&bull;凯萨尔国际学院在全国50多个城市的教学中心已达110多所。 韦博&bull;开心豆少儿英语，采用牛津大学出版社专为开心豆独特打造的系列教材，由专业外籍教师及中方助教通过互动游戏、经典儿歌、情境模拟、手工制作等生动有趣的主题课程，将 3-12岁少年儿童引入全英语式的教学环境，让孩子在不知不觉中爱上学英语！</p>', '', '1', '2017-11-12 23:15:42');
INSERT INTO `fh_school` VALUES ('27', '常州新世界英语培训学校', '400-0505-811', '/resource/upload/images/2017/11/15/1510728816752030.jpg', '常州市钟楼区南大街50号缤纷亚洲大厦6E楼（双桂坊楼上）', '128', '学科辅导-小学', '常州-天宁区-南大街', '<p>新世界外语培训学校自2005年起，先后在南通、无锡、常州、江阴、南京和苏州开设了分校，各分校总部都坐落于市中心繁华地段。</p>\r\n\r\n<p>学校主要围绕语言开设了多种实用的培训课程：英语、日语、韩语、德语、法语、西班牙语、意大利语等，让来新世界外语培训学校的每位学员根据自身兴趣、职业所需、个人发展选择学习项目，使其提升就业竞争力，发挥其职业闪光点。同时，也为广大的莘莘学子提供了去欧、美、日本及澳洲等高等院校的海外留学机会。年9月，世界上规模极大的直接投资公司之一凯雷集团决策注资新世界教育，联手打造中国教育培训的航母。与凯雷的战略合作伙伴关系标志着新世界发展的重要里程碑，凯雷将携手新世界开拓全国，走向世界。 &nbsp; &nbsp; &nbsp; &nbsp; &nbsp; &nbsp;&nbsp;</p>\r\n\r\n<p>新世界外语培训学校本着&ldquo;开创思路、学以致用&rdquo;的办学宗旨，以优质的教学、完善的服务，倾力打造成为高效管理、优秀师资、优质服务、领军品牌的专业学校！ PETS推荐机构 韩国语T0PIK上海特定培训机构辉煌成绩◎新世界日语2010年7月N1考试，N1级学员鲁超取得满分，荣获全国第 一名；&nbsp;</p>', '', '1', '2017-11-15 14:53:37');
INSERT INTO `fh_school` VALUES ('28', '常州精锐学习力学习培训', '400-0505-811', '/resource/upload/images/2017/11/15/1510729139869031.jpg', '常州市钟楼区延陵西路150号副食品大楼6楼', '42', '学科辅导-小学', '常州-天宁区-南大街', '<p>精锐教育是中国领先的个性化教育品牌，由哈佛、北大精英创立。自创立伊始，精锐即立志成为中国教育行业的航空母舰，秉持国际化管理理念和连锁化发展模式，至今学习中心已遍布全国，备受学生家长信赖。精锐教育提出了全球首创的&ldquo;学习力&rdquo;（Learning　Power)的概念。具体来说，学习力就是学习动力、学习能力和学习毅力的统称，也可简称为自学的能力。</p>\r\n\r\n<p>中小学阶段正是学生提升学习力的比较好时期，选择精锐教育，全面提升孩子学习力，让孩子学会自学，带来成绩的全面提升，真正实现快乐高效地学习！在未来的工作、学习、生活中步步领先！精锐教育是西安精学锐商务信息咨询有限公司运营的教育品牌。精锐国际教育集团是中国领先的高端教育连锁集团，由哈佛、北大精英创立。</p>\r\n\r\n<p>自创立伊始，精锐即秉持国际化管理理念和连锁化发展模式，立志成为中国教育行业最受尊敬的品牌。 精锐1对1是精锐国际教育集团旗下的中小学教育品牌，至今学习中心已遍布全国，备受学生家长信赖。精锐教育提出了全球首创的&ldquo;学习力&rdquo;（ Power Learning)的概念。具体来说，学习力就是学习动力、学习能力和学习毅力的统称，也可简称为自学的能力。中小学阶段正是学生提升学习力的较好时期，选择精锐1对1，全面提升孩子学习力，让孩子学会自学，带来成绩的全面提升，真正实现快乐高效地学习！在未来的工作、学习、生活中步步领先！ &nbsp; &nbsp; &nbsp;&nbsp;</p>\r\n\r\n<p>精锐教育独创的UPCTM高效学习法（1对1名师辅导，6对1专业服务），能迅速提升中小学生的学习力，帮助孩子学会自学，实现快乐高效学习， 在快速提升学生学习成绩的同时促进综合素质的全面发展！</p>', '', '1', '2017-11-15 14:59:00');
INSERT INTO `fh_school` VALUES ('29', '常州乾坤舞蹈培训学校', '400-0505-811', '/resource/upload/images/2017/11/15/1510729740806032.jpg', '局前街285号嘉乐广场505室', '21', '艺术-舞蹈', '常州-钟楼区-北大街', '<p>常州乾坤舞蹈培训中心成立于2010年3月，由江苏省著名青年舞蹈家黄鸣鹤老师创办。短短的一年多时间由于老师们的辛勤教学，细心指导在业界赢得良好的口碑。全年培训人次达到500多人，由原来的场地面积70平方扩大到现在的500多平方，成为常州市规模的专业舞蹈培训中心。少儿舞蹈班：包揽2010年江苏省校园舞蹈大赛少年组，少儿组两项舞蹈金奖。2010年上海迎世博舞蹈大赛少儿组金奖，各大中小型文艺晚会演出，央视动漫剧《宇宙大课堂》演员由本中心少儿舞蹈艺术团选送，常州乾坤少儿艺术团是央视动漫剧演员候选基地。上海戏剧学院附中招生选拔定点机构。江苏省演艺集团少儿舞蹈考级定点机构。</p>\r\n\r\n<p>成人舞蹈班也是成绩斐然，帮助许多成年女性解决了肥胖，肩周炎，颈椎炎等问题。特别是帮助一位女高中生（本身驼背很严重，已经超过正常骨骼的三厘米，经过老师的严格训练及学生的自身努力，到2011年3月底已经矫正成功），成人在办卡时间段内学习的舞蹈可以在单位的年会，联谊会，朋友聚会等场合表演。以舞健身，以舞会友成为一种舞蹈文化新风尚。</p>\r\n\r\n<p>常州乾坤舞蹈少儿艺术团是常州乾坤舞蹈培训中心旗下的分支机构。每年中心要带领艺术团的优秀学员参加国内外，各省市舞蹈比赛，演出及文化交流活动。少儿舞蹈培训最主要是小孩个性上的培养，变得主动，有集体观念，气质上的提升。让小孩子懂得怎样跳舞学的专业、更规范，以免在舞蹈学习中走不必要的弯路。本中心是常州市专业的少儿舞蹈培训机构。江苏省少儿舞蹈考级定点机构。上海戏剧学院附中招生选拔定点机构。央视动漫剧小演员候选基地。能让少儿全方面锻炼和学习多种舞蹈，提升多种舞蹈基础。比如:芭蕾舞，民族舞，古典舞，街舞，拉丁舞，阿拉伯舞，现代舞。。。。。。使学生的素质得到全面提高。</p>', '', '1', '2017-11-15 15:09:01');
INSERT INTO `fh_school` VALUES ('30', '常州艺秀舞蹈培训', '400-0505-811', '/resource/upload/images/2017/11/15/1510731957292001.jpg', '江苏省常州市新北区晋陵北路2号', '356', '艺术-舞蹈', '常州-新北区-万达', '<p>常州市艺秀艺术咨询有限公司（以下简称&quot;艺秀-ESHOW&quot;）旗下常州大剧院艺术培训中心已经来到孩子们的身边了！公司创造性地整合各方优质文化教育资源，致力于追求为孩子创造优秀的成长平台，让孩子在游戏玩乐中增长知识、扩大视野、培养才干全面发展。</p>\r\n\r\n<p>『艺秀-常州大剧院艺术培训中心』1号校区位于常州市新北区晋陵北路2号常州大剧院D号入口5楼，文化气息浓厚：紧邻常州奥体中心，常州博物馆，市民广场等，靠近常州传媒大厦，特别适合孩子业余教育培训。重点面向3~8周岁儿童，广泛开展各类丰富多彩的文化、教育、培训、交流、演出、展示等活动。目前，中心还对8~14岁的孩子们下设6类子项目，其中包括少儿朗诵与口语表达、小主持人、舞蹈（中国舞、爵士舞、街舞、拉丁舞、芭蕾等）、创意美术、乐队组合表演（吉他、架子鼓、键盘）、钢琴演奏等培训项目。能为孩子提供最理想，是您实现梦想的平台。</p>', '', '1', '2017-11-15 15:45:57');
INSERT INTO `fh_school` VALUES ('31', '常州东书房文化学堂', '400-0505-811', '/resource/upload/images/2017/11/15/1510732160026002.jpg', '常州钟楼区南大街商业步行街商务馆B座66-428', '25', '艺术-美术', '常州-天宁区-南大街', '<p>东书房作为一家综合性的琴棋书画教育培训机构成立至今，以雅致古朴的校区环境、专业的师资力量与细致全面的人性化服务享誉业界，学员面横跨3、4岁幼儿到四五十岁成人，琴棋书画茶艺国学等课程备受好评。<br />\r\n东书房的使命恰如北宋大儒张载所说：为天地立心，为生民立命，为往圣继绝学，为万世开太平。而东书房的愿景就是让琴棋书画回到中国人的生活里。</p>\r\n\r\n<p>东书房教育志在传承中华传统，弘扬国学才艺。我们始终以优秀团队打造适合儿童，青少年和成人的中华国学书房和传统文化课堂。从琴棋书画出发，希望帮助学员在良好的文化艺术氛围中学习、认知、欣赏、参与与创作，以提升美感素养，陶冶品德情操，修身养性，全面接触中国传统文化，打造属于中华民族的世界名片。</p>\r\n\r\n<p>眼下在琴棋书画教育培训领域，东书房已经是大家耳熟能详的一个品牌。2015年，东书房正式与上海交通大学教育集团签约，接受上海交大教育集团和昂立教育的战略产业投资，共同打造综合性琴棋书画教育培训品牌。</p>\r\n\r\n<p>昂立教育自一九八四年成立以来，秉持以教育产业促进教育公平，以教育创新提升国民素质为使命，并始终坚信&ldquo;教育成就中国梦&rdquo;。昂立教育是目前上海教学点最多、综合规模、全国加盟连锁学校最多的综合性非学历教育机构。</p>\r\n\r\n<p>东书房志在传承中华传统，我们始终以优秀团队打造适合儿童，青少年和成人的中华国学书房和传统文化课堂。从琴棋书画出发，希望帮助学员在良好的文化艺术氛围中学习、认知、欣赏、参与与创作，以提升美感素养，陶冶品德情操，修身养性，全面接触中国传统文化。东书房期待在国学复兴的路上与各位一路同行，让琴棋书画重新回到中国人的学习和生活中。</p>', '', '1', '2017-11-15 15:49:20');
INSERT INTO `fh_school` VALUES ('32', '学大教育中小学辅导常州分校新北万达校区', '400-0505-811', '/resource/upload/images/2017/11/15/1510732335823003.jpg', '常州市太湖中路13号602室', '36', '学科辅导-小学', '常州-新北区-万达', '<p>&quot;学大教育&quot;创立于2001年9月，一直以来专注于利用优质的教育资源和先进的信息技术，服务于中国教育服务领域，是目前国内个性化教育的，总部设在北京，已在60多个城市开设300余家学习中心，在全国拥有17000多名员工，专职教师逾万人。&nbsp;</p>\r\n\r\n<p>&quot;学大教育&quot;专注于学生学习能力的培养和学科知识的辅导，视教学质量为生命，深受学生和家长的认可，口口相传，成就了全国规模的个性化教育连锁机构。&quot;人之蕴蓄，由学而大&quot;，&quot;学大教育&quot;秉承爱的教育理念，致力于传播先进教学思想，研究先进教学方法，开发先进教学产品，提供先进教学服务，帮助更多学生和家庭获得更好的教育和发展机会。&nbsp;</p>\r\n\r\n<p>作为个性化辅导教育的首倡者，我们致力于帮助学生提高他们的学习成绩，激发他们的潜能。通过发现学生的优势，弥补不足，激发学习兴趣，培养好的学习习惯，树立自信心。学大教育已经制定和实施了一个以结果为导向，以学生为中心的服务匹配模式。相比传统的班级式辅导，我们的服务模式是根据每个学生的需求和喜好量身定制个性化辅导方案，同时匹配全职的专业辅导小组进行一对一的辅导，学大教育通过提高学生的学习成绩、激发学习兴趣和全方面的提高，已经赢得了成千上万的家长和学生的信赖。</p>\r\n\r\n<p>【师资】 湖塘学习中心目前教师总数100多人，其中特级高级教师20人 。教师来自省常中、武高、前黄等重点学校，均具有多年一线教学经验。 【学习中心规模】 湖塘学习中心占地面积600多平方，共上下两层，现有办公室4间，咨询室6间，个性化教室4间，陪读教室1间。</p>', '', '1', '2017-11-15 15:52:16');
INSERT INTO `fh_school` VALUES ('33', '常州思博教育培训', '400-0505-811', '/resource/upload/images/2017/11/15/1510733046995004.jpg', '常州市南大街28号商务楼C座6楼', '35', '语言培训-英语-少儿英语', '常州-天宁区-南大街', '<p>思博教育成立于1999年，是常州市最早办学的外语培训机构之一，具备完备的外教聘请资质。</p>\r\n\r\n<p>中心以专业外语培训为特色，连续被常州市教育局评为&ldquo;社会办学先进单位&rdquo;、&ldquo;办学先进集体&rdquo;，于2011年首批荣获&ldquo;A级资质办学单位&rdquo;荣誉！&nbsp;</p>\r\n\r\n<p>思博教育课程设置全面，培训对象包括少儿、成人和企业，课程包括中外教少儿英语，各类英语等级考试、托福、雅思、SAT、AEAS等；成人基础英语、外教英语口语；日、韩、法、德、西、意、葡、俄语等丰富的小语种以及为外国人开设的对外汉语培训。</p>', '', '1', '2017-11-15 16:04:07');
INSERT INTO `fh_school` VALUES ('34', '学大教育常州分校怀德桥校区', '400-0505-811', '/resource/upload/images/2017/11/15/1510733381276005.jpg', '常州市钟楼区中意宝第花园14幢501、502', '64', '学科辅导-小学', '常州-钟楼区-西新桥', '<p>&rdquo;学大教育&rdquo;创立于2001年9月，一直以来专注于利用优质的教育资源和先进的信息技术，服务于中国教育服务领域，是国内个性化中小学课外辅导教育的领军品牌，总部设在北京，已在80个城市开设了400所个性化学习中心，在全国拥有15000多名员工，其中专职教师占8000余人。&ldquo;学大教育&rdquo;专注于学生学习能力的培养和学科知识的辅导，视教学质量为生命，深受学生和家长的认可，口口相传，成就了全国大规模的个性化教育连锁机构。学大教育通过提高学生的学习成绩、激发学习兴趣，已经赢得了成千上万的家长和学生的信赖。</p>\r\n\r\n<p>常州学大教育怀德桥家教辅导中心占地面积600平方米，现有3间办公室，5间家教辅导咨询室，3间个性化辅导教室，1间家教辅导陪读教室。常州学大教育怀德桥家教辅导中心是怀德桥的一对一辅导，一对一补习，一对一家教，一对一补课等家教培训中心，可以提供小学辅导，小学家教，小学补习，小学补课，初中辅导，初中家教，初中补习，初中补课，高中辅导，高中家教，高中补习，高中补课等优质的家教辅导，补习补课服务，能有效的提升小学生的理解能力，初中生的学习能力，高中生的认知能力，在较短的时间内提升学生的学习成绩。常州学大教育怀德桥家教辅导中心的暑假辅导班，寒假辅导班异常火爆，需要在暑假或者寒假充电的同学或者家长需要早日报名暑期补习班或者寒假补习班。&nbsp;<br />\r\n&nbsp;</p>\r\n\r\n<p>常州学大教育怀德桥家教辅导中心目前有优秀家教补习老师70多位，其中特高级教师24位，占教师总数的34%。这些优化家教辅导老师来自各重点师范大学、实验中学，均具有多年一线教学经验。70多位优秀教师可为怀德桥附近的学生提供1对1补习，1对1教育，1对1辅导，1对1家教服务。小学辅导班可以为小学生提供小学数学，小学语文等小学辅导，小学家教，小学补习服务；中学辅导班可以为中学生提供物理辅导，化学补习，英语家教，语文补课等初中家教，初中补习，初中补课，中考辅导服务；高中辅导班可以为高中生提供高中语文辅导，高中英语家教，高中数学补习，高中物理辅导等服务。</p>', '', '1', '2017-11-15 16:09:41');
INSERT INTO `fh_school` VALUES ('35', '常州利玛窦国际幼少儿英语', '400-0505-811', '/resource/upload/images/2017/11/15/1510733624573006.jpg', '金百国际商业广场', '21', '语言培训-英语-少儿英语', '常州-新北区-万达', '<p>利玛窦教育分校详细信息：</p>\r\n\r\n<p>新北分校 江苏新北校常州市天宁区金百国际商业广场16幢2楼<br />\r\n武进分校 江苏武进校常州市武进区湖塘新城上街A座2号楼305室<br />\r\n清潭分校 江苏清潭校常州市钟楼区清潭院街B3&mdash;401<br />\r\n江阴分校 江苏江阴校江阴市凤凰路30号凤凰大厦3F<br />\r\n溧阳分校 江苏溧阳校溧阳市安顺路安顺大厦3楼<br />\r\n宁波分校 浙江宁波校宁波市江东区惊驾路668号2幢7号楼303<br />\r\n慈溪分校 浙江慈溪校慈溪市浒山开发大道658号3楼<br />\r\n余姚分校 浙江余姚校余姚市长安路舜龙大厦6楼<br />\r\n定海分校 浙江定海校舟山市定海区文化路66号青少年宫白楼三楼<br />\r\n东港分校 浙江东港校舟山市普陀区海洲路727号恒尊大厦三楼</p>', '', '1', '2017-11-15 16:13:45');
INSERT INTO `fh_school` VALUES ('36', '常州环球少儿英语培训', '400-0505-811', '/resource/upload/images/2017/11/15/1510734123510007.jpg', '南大街延陵西路嘉业国贸', '38', '语言培训-英语-少儿英语', '常州-天宁区-南大街', '<p>&ldquo;环球青少儿国际英语&rdquo;是拥有70余所&ldquo;环球雅思&rdquo;连锁学校和&ldquo;环球雅思&rdquo;著名连锁品牌的环球天下教育（集团）Global Educatiom&amp;Technology Group在中国精心打造的青少儿英语培训课程。依托于&ldquo;环球&rdquo;强大的课程研发能力、教师团队质量、连锁管理经验和&ldquo;环球&rdquo;品牌影响力，&ldquo;环球青少儿国际英语&rdquo;使用国际领先的电子互动教学手段、全新的&ldquo;智慧英语&rdquo;教学理念、独特的&ldquo;精品小班&rdquo;课堂模式，结合&ldquo;环球&rdquo;十几年培训经验打造的明星师资阵容和舒适的教学环境，受到了广大小朋友的喜爱和家长们的认同，己经成为各地少儿英语培训市场的领跑者！</p>', '', '1', '2017-11-15 16:22:04');
INSERT INTO `fh_school` VALUES ('37', '常州格林少儿英语', '400-0505-811', '/resource/upload/images/2017/11/15/1510734294198008.jpg', '天宁区博爱路67-5号机电大厦3楼', '63', '语言培训-英语-少儿英语', '常州-天宁区-火车站', '<p>是由教委许可、民政局注册的正式教育机构，自成立以来专业致力于中国儿童英语教育事业，专为3至12岁的儿童量身定做的全方位的美语课程，把美国小朋友的学习英语的方法带给孩子，使快乐学习成为生活的一部分。办学面积1000平米，每间教室都配备的电子白板教学，以&ldquo;学员为中心，让孩子快乐地享受英语&rdquo;是我们始终如一的教育理念，这里是成就孩子流利英语梦想的舞台！</p>', '', '1', '2017-11-15 16:24:54');
INSERT INTO `fh_school` VALUES ('38', '常州新东方在线', '400-0505-811', '/resource/upload/images/2017/11/15/1510734832323009.jpg', '常州南大街嘉业国贸大厦14楼14-A', '53', '学科辅导-小学', '常州-天宁区-南大街', '<p>新东方在线是国内最著名的私立综合教育机构、美国纽约证交所上市公司&mdash;&mdash;新东方教育科技集团（NYSE:EDU）旗下专业的在线教育。</p>\r\n\r\n<p>自2000年上线以来，经过十年的发展，新东方在线已经成为中国最强大的网络教育服务平台和最领先的外语培训类网络教育品牌。新东方在线依托于新东方教育科技集团的强大师资力量与教学资源，拥有中国进的教学内容开发与制作团队，致力于为广大用户提供个性化、互动化、智能化的卓越在线学习体验。新东方在线的网络课程服务横跨留学考试、学历考试、职业教育、英语充电、多种语言、中学教育等6大类60余小类，共计1200多门课程，为各类用户提供全面的在线教育服务，截止至2011年12月，新东方在线个人注册用户已逾900万，移动学习用户超过160万。</p>\r\n\r\n<p>年，新东方在线作为的综合网络培训机构入选中国互联网协会正式公布的首批 &quot;绿色网络文化产品&quot; 名单。与此同时，凭借的产品和优质的服务，新东方在线在企业培训领域享有盛誉，先后为联想、中国移动、可口可乐、中国建设银行等世界五百强企业提供过企业培训服务。</p>\r\n\r\n<p>年5月，公司正式宣布进军数字图书馆领域，并实现快速突破，目前已与全国数百家高等院校展开合作，为大学在校生提供新东方原创英语学习视听课程。连续5年蝉联&ldquo;网络教育机构&rdquo; 连续5年蝉联《互联网周刊》中国商业100强年&ldquo;消费者最喜欢的T0P100&rdquo;年&ldquo;中国互联网INTER100&rdquo;年&ldquo;中国十佳公务员考试培训机构&rdquo;年，作为的综合培训教育机构入选中国互联网协会首批&ldquo;绿色网络文化产品&rdquo;名单&hellip;&hellip;</p>\r\n\r\n<p>新东方在线常州学习中心，成立于2012年，为常州新东方在线的用户提供更好的服务！ 优博尔个性化课外辅导机构，专职教师授课、定制教学方案、专业教学团队. 在传授知识的同时，树立学生学习的信心，培养学生顽强的意志品质、沉着冷静的心理素质和积极健康的生活心态，规范学生学习习惯，培养学习能力，从而全面提高学生的学习品质.用心做教育，用爱筑未来！</p>\r\n\r\n<p><img alt=\"\" src=\"https://www.houxue.com/images/course/detail-zhan.png\" /></p>', '', '1', '2017-11-15 16:33:52');
INSERT INTO `fh_school` VALUES ('39', '美国格林希尔少儿英语', '400-0505-811', '/resource/upload/images/2017/11/15/1510735135667010.jpg', '江苏省常州市劳动西路8号（广化街劳动西路十字路口工商银行大楼5楼）', '31', '语言培训-英语-少儿英语', '常州-天宁区-九州新世界', '<p>美国格林希尔出版教育集团（Greenhill Press LLC）成立于1979年，总部位于美国德拉瓦州，主要经营项目为教育类产品的出版和提供优秀的外语语言培训及各类教育咨询，是全球著名的教育集团。在全球范围内，格林希尔有超过100家语言中心，遍布全球6个国家和地区，每年为全球超过50000名英语学习者提供优质高效的语言培训。目前，格林希尔已经为超过1，000，000人实现英语脱口而出的梦想。美国格林希尔的语言教育出版物更是被评选为美国ESL（English as Second Language）教育出版物之一。Greenhill旨在利用全外教的英语学习环境，不但给予语言上的学习机会，更利用外教和纯粹的英语教学文化，让各位小朋友在学到英语的同时能在开放性思维，团队协作，创造力等方面获得进一步的提高。 格林希尔外语教育中心(Greenhill Education Consortium)是美国格林希尔出版教育集团旗下教育机构，于2005年进入中国市场，是中国地区仅有的几家全外资教育机构之一。通过几年的努力格林希尔已经发展成为包括成人语言培训中心，少儿语言培训中心，国际双语幼儿园，国际双语早教机构，教育产品出版在内的多元化教育集团。常州格林希尔少儿英语培训中心作为格林希尔外语教育中心的全资直营中心，将为常州地区少儿提供全美式英语教育。</p>', '', '1', '2017-11-15 16:38:56');
INSERT INTO `fh_school` VALUES ('40', '常州索特舞蹈连锁', '400-0505-811', '/resource/upload/images/2017/11/15/1510735780054011.jpg', '钟楼区劳动西路河景花园商铺28号3楼', '42', '艺术-舞蹈', '常州-天宁区-南大街', '<p>1、怀德店：劳动西路河景花园商铺28号3楼。</p>\r\n\r\n<p>2、勤业店：勤业新村文化站2楼</p>\r\n\r\n<p>3、邹区店：邹区东方大道浙江海鲜酒店3楼</p>', '', '1', '2017-11-15 16:49:40');
INSERT INTO `fh_school` VALUES ('41', '常州致远武术跆拳道俱乐部', '400-0505-811', '/resource/upload/images/2017/11/15/1510736973578012.jpg', '常州市新北区K12家庭成长中心2楼（原每家玛超市内）', '74', '体育-技击', '常州-新北区-万达', '<p><strong>常州致远跆拳道俱乐部</strong><br />\r\n成立于2006年5月，主要开设：武术、散打、太极、跆拳道、双节棍等体育健身项目。特聘专业教练任教，并由中国梅花拳总顾问何毛信先生任俱乐部名誉馆长。<br />\r\n<br />\r\n俱乐部为常州跆拳道协会团体会员单位，开办至今已开设常州新区新区致远总馆、前桥镇远馆、圩塘、奔牛、罗溪、九州花园等多家分部。</p>', '', '1', '2017-11-15 17:09:34');
INSERT INTO `fh_school` VALUES ('42', '常州华声琴行有限公司', '400-0505-811', '/resource/upload/images/2017/11/17/1510883503196001.jpg', '常州钟楼区怀德中路57号3楼', '35', '艺术-乐器', '常州-钟楼区-西新桥', '<p><strong>华声琴行</strong><strong>下属的</strong><strong>华声艺术培训中心</strong><strong>：</strong></p>\r\n\r\n<p>现有钢琴、民乐、管乐、西洋乐等乐器专业教师30余人，并有美术、书法、跆拳道等10余位其他专业老师。琴行有专业的琴房、综合教室等30余间，并拥有琴行自己的<strong>音乐演奏厅，</strong>可以满足孩子们舞台表演的要求，能够让华声琴行的学员每年都可以进行舞台的表演，增加孩子们的舞台经验和心理素质。</p>\r\n\r\n<p>每月华声琴行都将安排学生汇报演出，让孩子们在演出的过程中相互学习并提升自己</p>', '', '1', '2017-11-17 09:51:43');
INSERT INTO `fh_school` VALUES ('43', '上元教育常州武进校区', '400-0505-811', '/resource/upload/images/2017/11/17/1510885180614006.jpg', '常州南大街商务馆；武进区万博广场三楼316室', '83', '艺术-美术', '常州-武进-湖塘乐购', '<p>常州市上元职业培训学校是常州上元教育咨询有限公司的全资学校，是经常州市政府部门批准成立的拥有独立法人资格的正规社会力量办学机构，批字为&ldquo;常民证字第号&rdquo;。</p>\r\n\r\n<p>本部位于市中心最繁华的南大街商务馆B座6楼66-601、602，以及5楼的528室，位于常州武进购物中心正门B3-59室，当前拥有2500多平方米的教学面积，液晶显示器高配电脑200多台，多媒体教学投影仪器20多部，还拥有三菱PLC、西门子PLC、变频器、触摸屏系列教学器材多部、PLC实验箱多套、单片机实验箱多部、教学模具3部；教室20多间，全职服务团队40多人，专兼职教师团队500多人，年度学员6000多人，已为常州地区培养人才累计达12000多人次。上元教育常州校筹设中的校区有新北校区、戚墅堰校区等，将为学员就近学习提供较大程度的便利。</p>', '', '1', '2017-11-17 10:19:41');
INSERT INTO `fh_school` VALUES ('44', '常州市钟楼区国际象棋协会', '400-0505-811', '/resource/upload/images/2017/11/17/1510886807218010.jpg', '钟楼区劳动西路47-1幢', '26', '体育-棋类-国际象棋', '常州-钟楼区-西新桥', '', '', '1', '2017-11-17 10:46:47');

-- ----------------------------
-- Table structure for fh_suggest
-- ----------------------------
DROP TABLE IF EXISTS `fh_suggest`;
CREATE TABLE `fh_suggest` (
  `suggest_id` int(11) NOT NULL AUTO_INCREMENT,
  `title` varchar(50) DEFAULT NULL COMMENT '标题',
  `tel` varchar(50) DEFAULT NULL COMMENT '电话',
  `content` varchar(2250) DEFAULT NULL COMMENT '内容',
  `create_time` datetime DEFAULT NULL,
  PRIMARY KEY (`suggest_id`)
) ENGINE=MyISAM AUTO_INCREMENT=21 DEFAULT CHARSET=utf8;

-- ----------------------------
-- Records of fh_suggest
-- ----------------------------
INSERT INTO `fh_suggest` VALUES ('5', '1509420185635002', '15206121561', '1', '2017-10-31 13:46:11');
INSERT INTO `fh_suggest` VALUES ('6', '1509420151963001', null, '他天天', '2017-11-01 08:50:47');
INSERT INTO `fh_suggest` VALUES ('7', '1509515566861008', null, '一天天', '2017-11-01 14:54:12');
INSERT INTO `fh_suggest` VALUES ('11', '1509515566861008', null, '123', '2017-11-03 08:48:06');
INSERT INTO `fh_suggest` VALUES ('12', '1509673077198004', null, 'vghhgg', '2017-11-03 09:49:35');
INSERT INTO `fh_suggest` VALUES ('19', '1', '1', '1', '2017-11-15 08:48:05');
INSERT INTO `fh_suggest` VALUES ('20', '、、、', '13182530000', '、、、', '2017-11-22 17:32:00');

-- ----------------------------
-- Table structure for fh_teacher
-- ----------------------------
DROP TABLE IF EXISTS `fh_teacher`;
CREATE TABLE `fh_teacher` (
  `teacher_id` int(11) NOT NULL AUTO_INCREMENT,
  `school_id` int(11) NOT NULL COMMENT '学校id',
  `teacher_name` varchar(50) NOT NULL COMMENT '教室名字',
  `logo` varchar(255) DEFAULT NULL COMMENT '头像链接',
  `introduction` varchar(2250) DEFAULT NULL COMMENT '介绍',
  `create_time` datetime DEFAULT NULL,
  PRIMARY KEY (`teacher_id`)
) ENGINE=MyISAM AUTO_INCREMENT=20 DEFAULT CHARSET=utf8;

-- ----------------------------
-- Records of fh_teacher
-- ----------------------------
INSERT INTO `fh_teacher` VALUES ('5', '40', '林艳', '/resource/upload/images/2017/11/16/1510824062654152.jpg', '<p>&bull;英国皇家舞蹈教师协会拉丁舞职业教师<br />\r\n&bull;中国标准舞总会国家级教师<br />\r\n&bull;第三届全国青少年体育舞蹈锦标赛十项全能季军<br />\r\n&bull;第二、第三届全国体育大会团体拉丁冠亚军<br />\r\n&bull;1998江苏省国标舞锦标赛南京赛区<br />\r\n&bull;2000全国城市国标舞邀请赛师生组亚军<br />\r\n&bull;2007第四届华东六省一市国标舞锦标赛师生组<br />\r\n&bull;2012年赴香港高级舞专学习深造</p>', '2017-11-16 17:21:03');
INSERT INTO `fh_teacher` VALUES ('6', '40', '涂文娟', '/resource/upload/images/2017/11/16/1510824150545153.jpg', '<p>&bull;毕业于常州艺术学院民族民间舞专业<br />\r\n&bull;曾任职常州歌舞团、常州市少年宫担任民族舞、中国舞、少儿舞蹈老师<br />\r\n&bull;2008年起多次带队参加中国新秀杯舞蹈比赛，江苏省全民舞蹈大赛，南京市新时代青少年舞蹈比赛等均取得团体及个人的优秀奖项<br />\r\n&bull;2011年中国达人秀常州赛区10强<br />\r\n&bull;曾获得过首届常州万达杯旅游小姐形象大赛亚军。</p>', '2017-11-16 17:22:31');
INSERT INTO `fh_teacher` VALUES ('7', '24', '姜坚波', '/resource/upload/images/2017/11/17/1510888747140016.jpg', '<p>常州外国语中学徐同学中考前一个月来学大，成绩为85，中考以97分优异成绩考入省中；新北实验王同学、张同学、恽同学入学时不及格，通过辅导期中考试均考到80多分，吴同学入学时物理60分，加入小班教学后一个月成绩提升至91分。河海中学高同学入学时物理60多分，通过一个月辅导成绩成绩提升至84分。<br />\r\n耐心细致，教学生动富有感染力。把传统公立学校课堂教学与个性化一对一辅导衔接，把握住传统课堂教学的漏洞缺点，针对性的一对一教学。以不变应万变，为不同学生量身打造不同的适合她的教学思路。知识点讲解，通俗易懂，深入浅出授之以渔，教会学生知识的本质内涵，原理。</p>', '2017-11-17 11:19:07');
INSERT INTO `fh_teacher` VALUES ('8', '44', '1', '/resource/upload/images/2017/12/09/1512807096217001.jpg', '<p>1</p>', '2017-12-09 16:11:36');
INSERT INTO `fh_teacher` VALUES ('9', '44', '2', '/resource/upload/images/2017/12/09/1512807429873002.jpg', '', '2017-12-09 16:17:10');
INSERT INTO `fh_teacher` VALUES ('10', '44', '2', '/resource/upload/images/2017/12/09/1512807444280003.jpg', '', '2017-12-09 16:17:24');
INSERT INTO `fh_teacher` VALUES ('11', '44', '1', '/resource/upload/images/2017/12/09/1512807535101004.jpg', '', '2017-12-09 16:18:55');
INSERT INTO `fh_teacher` VALUES ('12', '44', '1', '/resource/upload/images/2017/12/09/1512807548595005.jpg', '', '2017-12-09 16:19:09');
INSERT INTO `fh_teacher` VALUES ('13', '44', '1', '/resource/upload/images/2017/12/09/1512807561191006.jpg', '', '2017-12-09 16:19:21');
INSERT INTO `fh_teacher` VALUES ('14', '44', '1', '/resource/upload/images/2017/12/09/1512807595753007.jpg', '', '2017-12-09 16:19:56');
INSERT INTO `fh_teacher` VALUES ('15', '44', '1', '/resource/upload/images/2017/12/09/1512807626031008.jpg', '', '2017-12-09 16:20:26');
INSERT INTO `fh_teacher` VALUES ('16', '44', '1', '/resource/upload/images/2017/12/09/1512807641427009.jpg', '', '2017-12-09 16:20:41');
INSERT INTO `fh_teacher` VALUES ('17', '44', '1', '/resource/upload/images/2017/12/09/1512807658179010.jpg', '', '2017-12-09 16:20:58');
INSERT INTO `fh_teacher` VALUES ('18', '44', '1', '/resource/upload/images/2017/12/09/1512808746961011.jpg', '', '2017-12-09 16:39:07');
INSERT INTO `fh_teacher` VALUES ('19', '44', '1', '/resource/upload/images/2017/12/09/1512808783172012.jpg', '', '2017-12-09 16:39:43');

-- ----------------------------
-- Table structure for fh_training_type
-- ----------------------------
DROP TABLE IF EXISTS `fh_training_type`;
CREATE TABLE `fh_training_type` (
  `id` int(20) NOT NULL AUTO_INCREMENT,
  `name` varchar(50) NOT NULL COMMENT '名称',
  `level` int(2) NOT NULL DEFAULT '1' COMMENT '层级',
  `parent_id` int(20) NOT NULL COMMENT '父级id',
  `rank` int(11) DEFAULT NULL,
  `tree_path` varchar(20) DEFAULT NULL,
  `full_name` varchar(50) NOT NULL COMMENT '全拼',
  PRIMARY KEY (`id`),
  KEY `full_name` (`full_name`),
  KEY `name` (`name`),
  KEY `level` (`level`),
  KEY `parent_id` (`parent_id`)
) ENGINE=MyISAM AUTO_INCREMENT=106 DEFAULT CHARSET=utf8;

-- ----------------------------
-- Records of fh_training_type
-- ----------------------------
INSERT INTO `fh_training_type` VALUES ('66', '艺术', '1', '0', null, null, '艺术');
INSERT INTO `fh_training_type` VALUES ('67', '乐器', '2', '66', null, null, '艺术-乐器');
INSERT INTO `fh_training_type` VALUES ('68', '钢琴', '3', '67', null, null, '艺术-乐器-钢琴');
INSERT INTO `fh_training_type` VALUES ('70', '小提琴', '3', '67', null, null, '艺术-乐器-小提琴');
INSERT INTO `fh_training_type` VALUES ('71', '美术', '2', '66', null, null, '艺术-美术');
INSERT INTO `fh_training_type` VALUES ('72', '国画', '3', '71', null, null, '艺术-美术-国画');
INSERT INTO `fh_training_type` VALUES ('73', '体育', '1', '0', null, null, '体育');
INSERT INTO `fh_training_type` VALUES ('74', '技击', '2', '73', null, null, '体育-技击');
INSERT INTO `fh_training_type` VALUES ('75', '武术', '3', '74', null, null, '体育-技击-武术');
INSERT INTO `fh_training_type` VALUES ('76', '架子鼓', '3', '67', null, null, '艺术-乐器-架子鼓');
INSERT INTO `fh_training_type` VALUES ('77', '吉他', '3', '67', null, null, '艺术-乐器-吉他');
INSERT INTO `fh_training_type` VALUES ('78', '古筝', '3', '67', null, null, '艺术-乐器-古筝');
INSERT INTO `fh_training_type` VALUES ('79', '素描', '3', '71', null, null, '艺术-美术-素描');
INSERT INTO `fh_training_type` VALUES ('80', '书法', '3', '71', null, null, '艺术-美术-书法');
INSERT INTO `fh_training_type` VALUES ('81', '水彩画', '3', '71', null, null, '艺术-美术-水彩画');
INSERT INTO `fh_training_type` VALUES ('82', '舞蹈', '2', '66', null, null, '艺术-舞蹈');
INSERT INTO `fh_training_type` VALUES ('83', '芭蕾舞', '3', '82', null, null, '艺术-舞蹈-芭蕾舞');
INSERT INTO `fh_training_type` VALUES ('84', '拉丁舞', '3', '82', null, null, '艺术-舞蹈-拉丁舞');
INSERT INTO `fh_training_type` VALUES ('85', '街舞', '3', '82', null, null, '艺术-舞蹈-街舞');
INSERT INTO `fh_training_type` VALUES ('86', '民族舞', '3', '82', null, null, '艺术-舞蹈-民族舞');
INSERT INTO `fh_training_type` VALUES ('87', '启蒙舞', '3', '82', null, null, '艺术-舞蹈-启蒙舞');
INSERT INTO `fh_training_type` VALUES ('88', '声乐', '2', '66', null, null, '艺术-声乐');
INSERT INTO `fh_training_type` VALUES ('89', '少儿声乐', '3', '88', null, null, '艺术-声乐-少儿声乐');
INSERT INTO `fh_training_type` VALUES ('91', '跆拳道', '3', '74', null, null, '体育-技击-跆拳道');
INSERT INTO `fh_training_type` VALUES ('92', '棋类', '2', '73', null, null, '体育-棋类');
INSERT INTO `fh_training_type` VALUES ('93', '国际象棋', '3', '92', null, null, '体育-棋类-国际象棋');
INSERT INTO `fh_training_type` VALUES ('94', '围棋', '3', '92', null, null, '体育-棋类-围棋');
INSERT INTO `fh_training_type` VALUES ('95', '学科辅导', '1', '0', null, null, '学科辅导');
INSERT INTO `fh_training_type` VALUES ('96', '学前', '2', '95', null, null, '学科辅导-学前');
INSERT INTO `fh_training_type` VALUES ('97', '早教', '3', '96', null, null, '学科辅导-学前-早教');
INSERT INTO `fh_training_type` VALUES ('98', '小学', '2', '95', null, null, '学科辅导-小学');
INSERT INTO `fh_training_type` VALUES ('99', '数学', '3', '98', null, null, '学科辅导-小学-数学');
INSERT INTO `fh_training_type` VALUES ('100', '语文', '3', '98', null, null, '学科辅导-小学-语文');
INSERT INTO `fh_training_type` VALUES ('101', '英语', '3', '98', null, null, '学科辅导-小学-英语');
INSERT INTO `fh_training_type` VALUES ('102', '语言培训', '1', '0', null, null, '语言培训');
INSERT INTO `fh_training_type` VALUES ('103', '英语', '2', '102', null, null, '语言培训-英语');
INSERT INTO `fh_training_type` VALUES ('104', '少儿英语', '3', '103', null, null, '语言培训-英语-少儿英语');

-- ----------------------------
-- Table structure for fh_user
-- ----------------------------
DROP TABLE IF EXISTS `fh_user`;
CREATE TABLE `fh_user` (
  `id` int(11) NOT NULL AUTO_INCREMENT COMMENT '用户ID',
  `user_code` varchar(50) NOT NULL,
  `mobile` varchar(50) DEFAULT NULL COMMENT '手机号',
  `real_name` varchar(50) DEFAULT '' COMMENT '真实姓名',
  `password` varchar(255) DEFAULT NULL COMMENT '密码',
  `access_token` varchar(255) DEFAULT NULL,
  `expired_time` datetime DEFAULT NULL COMMENT 'token失效时间long类型：yyyyMMddHHmmss',
  `login_type` char(20) DEFAULT NULL COMMENT '登录方式：pc、ios、android',
  `address` varchar(255) DEFAULT NULL COMMENT '地址',
  `useable` tinyint(2) NOT NULL DEFAULT '0' COMMENT '0-注册待完善资料;1-完善资料审核通过;2-驳回',
  `remark` varchar(255) DEFAULT NULL COMMENT '备注',
  `amount` decimal(10,2) DEFAULT '0.00' COMMENT '账户余额',
  `create_time` datetime DEFAULT NULL,
  `update_time` datetime DEFAULT NULL,
  PRIMARY KEY (`id`),
  UNIQUE KEY `user_code` (`user_code`),
  UNIQUE KEY `mobile` (`mobile`,`password`),
  UNIQUE KEY `mobile_2` (`mobile`) USING BTREE
) ENGINE=InnoDB AUTO_INCREMENT=136 DEFAULT CHARSET=utf8;

-- ----------------------------
-- Records of fh_user
-- ----------------------------
INSERT INTO `fh_user` VALUES ('133', '1511140561513001', '13775606594', '', '96e79218965eb72c92a549dd5a330112', 'MefrKYAETYqbHAVc7r1hurALqcKfq2b3', '2017-11-22 16:58:51', null, null, '0', null, '0.00', '2017-11-20 09:16:02', null);
INSERT INTO `fh_user` VALUES ('134', '1511320785572001', '15206121566', '', 'b59c67bf196a4758191e42f76670ceba', '8PnE68SGPDAJKts9nxlGAmj_CUxsW8ru', '2017-11-22 13:19:51', null, null, '0', null, '0.00', '2017-11-22 11:19:46', null);
INSERT INTO `fh_user` VALUES ('135', '1511342860666002', '13182537007', '', 'e10adc3949ba59abbe56e057f20f883e', '7ayLnLnUwNNt3MybKn9s2_asuf_xjvGu', '2017-11-22 19:28:15', null, null, '0', null, '0.00', '2017-11-22 17:27:41', null);

-- ----------------------------
-- Table structure for fh_user_sms
-- ----------------------------
DROP TABLE IF EXISTS `fh_user_sms`;
CREATE TABLE `fh_user_sms` (
  `id` bigint(20) NOT NULL AUTO_INCREMENT,
  `content` longtext,
  `end_time` datetime DEFAULT NULL,
  `from_name` varchar(127) DEFAULT NULL,
  `method` varchar(255) DEFAULT NULL,
  `start_time` datetime DEFAULT NULL,
  `status` int(11) DEFAULT NULL,
  `tel` varchar(31) DEFAULT NULL,
  `vaild_code` varchar(15) DEFAULT NULL,
  `vaild_times` int(11) DEFAULT NULL,
  PRIMARY KEY (`id`),
  KEY `method` (`method`,`status`,`tel`,`vaild_code`)
) ENGINE=InnoDB AUTO_INCREMENT=306 DEFAULT CHARSET=utf8;

-- ----------------------------
-- Records of fh_user_sms
-- ----------------------------
INSERT INTO `fh_user_sms` VALUES ('302', null, '2017-11-19 16:08:25', null, 'regCustomer', '2017-11-19 16:03:25', '1', '15206121566', '160841', '5');
INSERT INTO `fh_user_sms` VALUES ('303', null, '2017-11-20 09:20:38', null, 'regCustomer', '2017-11-20 09:15:38', '0', '13775606594', '374284', '5');
INSERT INTO `fh_user_sms` VALUES ('304', null, '2017-11-22 11:24:33', null, 'regCustomer', '2017-11-22 11:19:33', '0', '15206121566', '855282', '5');
INSERT INTO `fh_user_sms` VALUES ('305', null, '2017-11-22 17:32:16', null, 'regCustomer', '2017-11-22 17:27:16', '0', '13182537007', '507327', '5');

-- ----------------------------
-- Table structure for sys_admin
-- ----------------------------
DROP TABLE IF EXISTS `sys_admin`;
CREATE TABLE `sys_admin` (
  `id` varchar(64) NOT NULL COMMENT '编号',
  `user_code` varchar(50) DEFAULT NULL COMMENT '用户编号',
  `group_id` varchar(64) NOT NULL COMMENT '组织机构ID.  (1-系统管理组)',
  `role_ids` varchar(1000) DEFAULT NULL COMMENT '用户角色 多个逗号分隔',
  `loginname` varchar(100) NOT NULL COMMENT '登录名',
  `password` varchar(100) NOT NULL COMMENT '密码',
  `jobno` varchar(100) DEFAULT NULL COMMENT '工号',
  `name` varchar(100) NOT NULL COMMENT '姓名',
  `sex` tinyint(4) DEFAULT NULL COMMENT '1男0女',
  `email` varchar(200) DEFAULT NULL COMMENT '邮箱',
  `mobile` varchar(200) DEFAULT NULL COMMENT '手机',
  `phone` varchar(200) DEFAULT NULL COMMENT '电话',
  `user_type` char(1) DEFAULT NULL COMMENT '用户类型',
  `photo` varchar(1000) DEFAULT NULL COMMENT '用户头像',
  `login_ip` varchar(100) DEFAULT NULL COMMENT '最后登陆IP',
  `login_date` datetime DEFAULT NULL COMMENT '最后登陆时间',
  `useable` tinyint(4) NOT NULL DEFAULT '1' COMMENT '是否可登录',
  `remarks` varchar(255) DEFAULT NULL COMMENT '备注信息',
  `create_by` varchar(64) NOT NULL COMMENT '创建者',
  `create_date` datetime NOT NULL COMMENT '创建时间',
  `update_by` varchar(64) NOT NULL COMMENT '更新者',
  `update_date` datetime NOT NULL COMMENT '更新时间',
  `del_flag` tinyint(4) NOT NULL DEFAULT '0' COMMENT '删除标记',
  PRIMARY KEY (`id`),
  UNIQUE KEY `sys_admin_loginname` (`loginname`) USING BTREE,
  KEY `sys_admin_group_id` (`group_id`) USING BTREE,
  KEY `sys_admin_update_date` (`update_date`) USING BTREE,
  KEY `sys_admin_del_flag` (`del_flag`) USING BTREE
) ENGINE=InnoDB DEFAULT CHARSET=utf8 COMMENT='用户表';

-- ----------------------------
-- Records of sys_admin
-- ----------------------------
INSERT INTO `sys_admin` VALUES ('1', null, '1', null, 'admin', '21232f297a57a5a743894a0e4a801fc3', '0001', '系统管理员', null, 'admin@163.com', '15206121561', '5113320', null, '', '0:0:0:0:0:0:0:1', '2017-05-26 10:33:12', '1', '最高管理员', '1', '2013-05-27 08:00:00', '1', '2017-10-07 14:43:17', '0');
INSERT INTO `sys_admin` VALUES ('1505369549189001', null, '2', null, 'admin2', '21232f297a57a5a743894a0e4a801fc3', '0001', '后台管理员', null, 'admin@163.com', '15206121560', '5113320', null, null, null, null, '1', '', '1', '2017-09-14 14:12:29', '1', '2017-10-18 15:19:29', '0');
INSERT INTO `sys_admin` VALUES ('1505375873157004', null, '1506255417737004', null, 'aaa', '47bce5c74f589f4867dbd57e9ca9f808', '', '代理商管理员', null, '', '15206121567', null, null, null, null, null, '1', '', '1', '2017-09-14 15:57:53', '1', '2017-09-24 20:17:23', '0');

-- ----------------------------
-- Table structure for sys_admin_role
-- ----------------------------
DROP TABLE IF EXISTS `sys_admin_role`;
CREATE TABLE `sys_admin_role` (
  `user_id` varchar(64) NOT NULL COMMENT '用户编号',
  `role_id` varchar(64) NOT NULL COMMENT '角色编号',
  PRIMARY KEY (`user_id`,`role_id`)
) ENGINE=InnoDB DEFAULT CHARSET=utf8 COMMENT='用户-角色';

-- ----------------------------
-- Records of sys_admin_role
-- ----------------------------
INSERT INTO `sys_admin_role` VALUES ('1', '1');
INSERT INTO `sys_admin_role` VALUES ('1', '2');
INSERT INTO `sys_admin_role` VALUES ('10', '2');
INSERT INTO `sys_admin_role` VALUES ('11', '3');
INSERT INTO `sys_admin_role` VALUES ('12', '4');
INSERT INTO `sys_admin_role` VALUES ('13', '5');
INSERT INTO `sys_admin_role` VALUES ('14', '2');
INSERT INTO `sys_admin_role` VALUES ('14', '6');
INSERT INTO `sys_admin_role` VALUES ('2', '1');
INSERT INTO `sys_admin_role` VALUES ('3', '2');
INSERT INTO `sys_admin_role` VALUES ('4', '3');
INSERT INTO `sys_admin_role` VALUES ('5', '4');
INSERT INTO `sys_admin_role` VALUES ('6', '5');
INSERT INTO `sys_admin_role` VALUES ('7', '2');
INSERT INTO `sys_admin_role` VALUES ('7', '7');
INSERT INTO `sys_admin_role` VALUES ('8', '2');
INSERT INTO `sys_admin_role` VALUES ('9', '1');

-- ----------------------------
-- Table structure for sys_audio_file
-- ----------------------------
DROP TABLE IF EXISTS `sys_audio_file`;
CREATE TABLE `sys_audio_file` (
  `file_id` varchar(64) CHARACTER SET utf8mb4 NOT NULL COMMENT 'id',
  `file_name` varchar(300) DEFAULT NULL COMMENT '文件名',
  `owner_type` tinyint(64) DEFAULT NULL COMMENT '归属  1-课程baseID、2-新闻资讯ID、3-专栏文章ID，4-问答答案',
  `owner_id` varchar(64) DEFAULT NULL COMMENT '归属  商品baseID、新闻ID、专栏文章ID、问答答案ID',
  `file_md5` varchar(64) DEFAULT NULL COMMENT 'MD5',
  `file_mimetype` varchar(50) DEFAULT NULL COMMENT 'mine',
  `file_path` varchar(300) DEFAULT NULL COMMENT '相对路径',
  `file_state` tinyint(4) DEFAULT NULL COMMENT '状态',
  `file_size` bigint(11) DEFAULT NULL COMMENT '文件大小 单位kb',
  `file_time` bigint(11) DEFAULT NULL COMMENT '多媒体文件播放时长  单位秒',
  `file_creater` varchar(64) DEFAULT NULL COMMENT '创建人',
  `file_createtime` datetime DEFAULT NULL COMMENT '创建时间',
  `file_ischarge` tinyint(4) NOT NULL DEFAULT '0' COMMENT '是否收费资源 1是0否',
  PRIMARY KEY (`file_id`),
  KEY `idx_sys_file_info_md5` (`file_md5`) USING BTREE
) ENGINE=InnoDB DEFAULT CHARSET=utf8 COMMENT='文件表';

-- ----------------------------
-- Records of sys_audio_file
-- ----------------------------
INSERT INTO `sys_audio_file` VALUES ('1502349678367002', '纯音乐 - 樱花八音盒 - 纯音乐版.mp3', '2', null, '5f61fddaaaac43b0856e50876825f5d4', 'audio/mpeg', 'audioFile/2017/0810/audio_mpeg/1502349676601001.mp3', '1', '943', '60', null, '2017-08-10 15:21:18', '0');
INSERT INTO `sys_audio_file` VALUES ('1503036080479002', '8.11 狮子和老鼠 李亚丽.mp3', '2', '1502690581683005', '45ddd3f29cceeafcb844f13e07a3e55c', 'audio/mpeg', 'audioFile/2017/0818/audio_mpeg/1503036080400001.mp3', '1', '7669', '196', null, '2017-08-18 14:01:20', '0');
INSERT INTO `sys_audio_file` VALUES ('1503036612779004', '8.12为谁而玩 刘添添.mp3', '2', '1502690619293006', 'c484c3216b0be8e1ff4da1a6df388591', 'audio/mpeg', 'audioFile/2017/0818/audio_mpeg/1503036612763003.mp3', '1', '7339', '187', null, '2017-08-18 14:10:13', '0');
INSERT INTO `sys_audio_file` VALUES ('1503036687654006', '8.13 小孩和木桶 蒋燕萍.mp3', '2', '2017062616484788001', 'a5a5a1f848fb8348b83257a81e1415af', 'audio/mpeg', 'audioFile/2017/0818/audio_mpeg/1503036687639005.mp3', '1', '7202', '184', null, '2017-08-18 14:11:28', '0');
INSERT INTO `sys_audio_file` VALUES ('1503037771318010', '网络增员 李林峰 配乐 试听.mp3', '1', '1502346752902003', 'c7cce466a30a32f0fb9fb51e33b53278', 'audio/mpeg', 'audioFile/2017/0818/audio_mpeg/1503037771302009.mp3', '1', '8395', '214', null, '2017-08-18 14:29:31', '1');
INSERT INTO `sys_audio_file` VALUES ('1503040281746002', '保险代理人为什么要学习法律.mp3', '2', null, '43093aa10a56519082130793bf385e3a', 'audio/mpeg', 'audioFile/2017/0818/audio_mpeg/1503040281715001.mp3', '1', '11408', '417', null, '2017-08-18 15:11:22', '0');
INSERT INTO `sys_audio_file` VALUES ('1503041577684004', '增员家庭主妇 林鑫 配乐 试听.mp3', '1', '1502346752902002', '3cf04dd2c5ac0eb943b8afcd0a546f35', 'audio/mpeg', 'audioFile/2017/0818/audio_mpeg/1503041577668003.mp3', '1', '7341', '187', null, '2017-08-18 15:32:58', '1');
INSERT INTO `sys_audio_file` VALUES ('2017062717475720002', '纯音乐 - 八音盒卡农.mp3', '1', '2017062208521517001', '8a43d095050b5e0d2063345a68ee5051', 'audio/mpeg', 'audioFile/2017/0627/audio_mpeg/2017062717474358001.mp3', '1', '5564', '356', null, '2017-06-27 17:47:57', '1');
INSERT INTO `sys_audio_file` VALUES ('2017070511360384004', '纯音乐 - 樱花八音盒 - 纯音乐版.mp3', '1', '1502781356467009', '5f61fddaaaac43b0856e50876825f5d4', 'audio/mpeg', 'audioFile/2017/0705/audio_mpeg/2017070511360383003.mp3', '1', '943', '60', null, '2017-07-05 11:36:04', '1');
INSERT INTO `sys_audio_file` VALUES ('20170823133836272001', '增员家庭主妇 林鑫 配乐 完整.mp3', '2', '1502690452400003', 'e50e6a7449e53805dd6ffe6847f7301e', 'audio/mpeg', 'audio/2017/0823/133836272001/20170823133836272001.mp3', '1', '34644', '886', null, '2017-08-23 13:38:36', '0');
INSERT INTO `sys_audio_file` VALUES ('20170828152416276001', '20170828152410.aac', null, null, '7bf42d3933a0c61c3949c23ef7be5f15', 'audio/aac', 'audio/2017/0828/20170828152416276001.aac', '1', '10', '2', '1502956977424001', '2017-08-28 15:24:16', '0');
INSERT INTO `sys_audio_file` VALUES ('20170828153540167002', '20170828153533.aac', null, null, '82bed2ae14ab7a773a2d3de3e6323366', 'audio/aac', 'audio/2017/0828/20170828153540167002.aac', '1', '12', '10', '1502956977424001', '2017-08-28 15:35:40', '0');
INSERT INTO `sys_audio_file` VALUES ('20170828154653913003', '20170828154651.aac', null, null, 'a3625ff9a865b465c72393f855d2f0e6', 'audio/aac', 'audio/2017/0828/20170828154653913003.aac', '1', '3', '0', '1502956977424001', '2017-08-28 15:46:54', '0');
INSERT INTO `sys_audio_file` VALUES ('20170828154748853004', '20170828154746.aac', null, null, '63b745434772bd90e0512d29a46513a6', 'audio/aac', 'audio/2017/0828/20170828154748853004.aac', '1', '5', '1', '1502956977424001', '2017-08-28 15:47:49', '0');
INSERT INTO `sys_audio_file` VALUES ('20170828154936334005', '20170828154933.aac', null, null, 'd25241ad2ff4fc6f3ef575c100785214', 'audio/aac', 'audio/2017/0828/20170828154936334005.aac', '1', '5', '1', '1502956977424001', '2017-08-28 15:49:36', '0');
INSERT INTO `sys_audio_file` VALUES ('20170828155432301006', '20170828155428.aac', null, null, 'e6cf0e4f0fe2b966b6c653b5390ffc83', 'audio/aac', 'audio/2017/0828/20170828155432301006.aac', '1', '10', '2', '1502956977424001', '2017-08-28 15:54:32', '0');
INSERT INTO `sys_audio_file` VALUES ('20170828155514273007', '20170828155511.aac', null, null, '26d657f58273089c3e8d608e8d3d1d4b', 'audio/aac', 'audio/2017/0828/20170828155514273007.aac', '1', '8', '1', '1502956977424001', '2017-08-28 15:55:14', '0');
INSERT INTO `sys_audio_file` VALUES ('20170828173432247002', 'test.mp3', '4', '1503991586502011', 'c1ccb516daba9d08b7ec4c8296a8cb2e', 'audio/mpeg', 'audio/2017/0828/20170828173432247002.mp3', '1', '7194', '184', '1503050370411002', '2017-08-28 17:34:32', '1');
INSERT INTO `sys_audio_file` VALUES ('20170829161449147017', 'test.mp3', '4', '1503994489417018', 'c1ccb516daba9d08b7ec4c8296a8cb2e', 'audio/mpeg', 'audio/2017/0829/20170829161449147017.mp3', '1', '7194', '184', '1503050370411002', '2017-08-29 16:14:49', '1');

-- ----------------------------
-- Table structure for sys_config
-- ----------------------------
DROP TABLE IF EXISTS `sys_config`;
CREATE TABLE `sys_config` (
  `ckey` varchar(64) NOT NULL,
  `cvalue` varchar(255) DEFAULT NULL,
  `type` tinyint(4) NOT NULL COMMENT '1-业务配置，2-微信配置，3-支付宝配置',
  `remark` varchar(255) NOT NULL COMMENT '描述',
  PRIMARY KEY (`ckey`),
  UNIQUE KEY `idx_sys_config_ckey` (`ckey`) USING BTREE
) ENGINE=InnoDB DEFAULT CHARSET=utf8;

-- ----------------------------
-- Records of sys_config
-- ----------------------------
INSERT INTO `sys_config` VALUES ('test', '', '1', '');

-- ----------------------------
-- Table structure for sys_enum_type
-- ----------------------------
DROP TABLE IF EXISTS `sys_enum_type`;
CREATE TABLE `sys_enum_type` (
  `enum_type` varchar(255) NOT NULL,
  `enum_name` varchar(255) NOT NULL,
  PRIMARY KEY (`enum_type`),
  KEY `sys_enum_type_enumtype` (`enum_type`) USING BTREE
) ENGINE=InnoDB DEFAULT CHARSET=utf8;

-- ----------------------------
-- Records of sys_enum_type
-- ----------------------------

-- ----------------------------
-- Table structure for sys_enum_value
-- ----------------------------
DROP TABLE IF EXISTS `sys_enum_value`;
CREATE TABLE `sys_enum_value` (
  `id` varchar(255) NOT NULL COMMENT '枚举ID',
  `enum_type` varchar(255) NOT NULL COMMENT '枚举类型值',
  `item_name` varchar(255) NOT NULL COMMENT '名称',
  `item_value` varchar(255) NOT NULL COMMENT '值',
  `sortno` int(11) NOT NULL DEFAULT '0',
  PRIMARY KEY (`id`),
  KEY `idx_sys_enum_value_enumtype` (`enum_type`) USING BTREE,
  CONSTRAINT `fk_sys_enum_value_enumtype` FOREIGN KEY (`enum_type`) REFERENCES `sys_enum_type` (`enum_type`)
) ENGINE=InnoDB DEFAULT CHARSET=utf8;

-- ----------------------------
-- Records of sys_enum_value
-- ----------------------------

-- ----------------------------
-- Table structure for sys_file_info
-- ----------------------------
DROP TABLE IF EXISTS `sys_file_info`;
CREATE TABLE `sys_file_info` (
  `file_id` varchar(64) NOT NULL COMMENT 'id',
  `file_type` int(11) DEFAULT NULL COMMENT '1-图片,2-音频，3-视频，4-word，5-excel',
  `file_name` varchar(300) DEFAULT NULL COMMENT '文件名',
  `file_belong` varchar(64) DEFAULT NULL COMMENT '归属',
  `file_md5` varchar(64) DEFAULT NULL COMMENT 'MD5',
  `file_mimetype` varchar(50) DEFAULT NULL COMMENT 'mine',
  `file_path` varchar(300) DEFAULT NULL COMMENT '相对路径',
  `file_state` int(11) DEFAULT NULL COMMENT '状态',
  `file_size` bigint(11) DEFAULT NULL COMMENT '文件大小 单位kb',
  `file_time` bigint(11) DEFAULT NULL COMMENT '多媒体文件播放时长  单位秒',
  `file_creater` varchar(64) DEFAULT NULL COMMENT '创建人',
  `file_createtime` datetime DEFAULT NULL COMMENT '创建时间',
  `file_ischarge` tinyint(4) NOT NULL DEFAULT '0' COMMENT '是否收费资源 1是0否',
  PRIMARY KEY (`file_id`),
  KEY `idx_sys_file_info_md5` (`file_md5`) USING BTREE
) ENGINE=InnoDB DEFAULT CHARSET=utf8 COMMENT='文件表';

-- ----------------------------
-- Records of sys_file_info
-- ----------------------------
INSERT INTO `sys_file_info` VALUES ('1502349678367002', '2', '纯音乐 - 樱花八音盒 - 纯音乐版.mp3', null, '5f61fddaaaac43b0856e50876825f5d4', 'audio/mpeg', 'audioFile/2017/0810/audio_mpeg/1502349676601001.mp3', '1', '943', '60', null, '2017-08-10 15:21:18', '0');
INSERT INTO `sys_file_info` VALUES ('1502349786007004', '1', '朱茵_1200x1000_0.jpg', null, 'e555d6c10668f2ce1a19e6a446d8e18c', 'image/jpeg', 'imageFile/2017/0810/image_jpeg/1502349785976003.jpg', '1', '61', null, '972x607', '2017-08-10 15:23:06', '0');
INSERT INTO `sys_file_info` VALUES ('1502422193545004', '1', '郑爽_1200x1000_0.jpg', null, 'b2e54824f2d7ab6d0737d5d1cf7f11c1', 'image/jpeg', 'imageFile/2017/0811/image_jpeg/1502422191776003.jpg', '1', '93', null, '866x1000', '2017-08-11 11:29:54', '0');
INSERT INTO `sys_file_info` VALUES ('1502423083440006', '1', 'dog_cat.jpg', null, '22f213612fe3b6314e96524ab5ba8bea', 'image/jpeg', 'imageFile/2017/0811/image_jpeg/1502423083395005.jpg', '1', '77', null, '600x420', '2017-08-11 11:44:43', '0');
INSERT INTO `sys_file_info` VALUES ('1502680547517002', '1', '19205738_980x1200_0.jpg', null, 'f9484be6f8cf55f9871dddc835524696', 'image/jpeg', 'imageFile/2017/0814/image_jpeg/1502680545576001.jpg', '1', '69', null, '640x927', '2017-08-14 11:15:48', '0');
INSERT INTO `sys_file_info` VALUES ('1502690023598002', '1', '144882387.jpg', null, '359514b2d53c6a9985685b6a82c91abd', 'image/jpeg', 'imageFile/2017/0814/image_jpeg/1502690023504001.jpg', '1', '43', null, '450x330', '2017-08-14 13:53:44', '0');
INSERT INTO `sys_file_info` VALUES ('1503036080479002', '2', '8.11 狮子和老鼠 李亚丽.mp3', null, '45ddd3f29cceeafcb844f13e07a3e55c', 'audio/mpeg', 'audioFile/2017/0818/audio_mpeg/1503036080400001.mp3', '1', '7669', '196', null, '2017-08-18 14:01:20', '0');
INSERT INTO `sys_file_info` VALUES ('1503036612779004', '2', '8.12为谁而玩 刘添添.mp3', null, 'c484c3216b0be8e1ff4da1a6df388591', 'audio/mpeg', 'audioFile/2017/0818/audio_mpeg/1503036612763003.mp3', '1', '7339', '187', null, '2017-08-18 14:10:13', '0');
INSERT INTO `sys_file_info` VALUES ('1503036687654006', '2', '8.13 小孩和木桶 蒋燕萍.mp3', null, 'a5a5a1f848fb8348b83257a81e1415af', 'audio/mpeg', 'audioFile/2017/0818/audio_mpeg/1503036687639005.mp3', '1', '7202', '184', null, '2017-08-18 14:11:28', '0');
INSERT INTO `sys_file_info` VALUES ('1503037756817008', '1', '网络增员.jpg', null, '8d07297403994ae5689618556d7a280e', 'image/jpeg', 'imageFile/2017/0818/image_jpeg/1503037756786007.jpg', '1', '47', null, '640x358', '2017-08-18 14:29:17', '0');
INSERT INTO `sys_file_info` VALUES ('1503037771318010', '2', '网络增员 李林峰 配乐 试听.mp3', null, 'c7cce466a30a32f0fb9fb51e33b53278', 'audio/mpeg', 'audioFile/2017/0818/audio_mpeg/1503037771302009.mp3', '1', '8395', '214', null, '2017-08-18 14:29:31', '1');
INSERT INTO `sys_file_info` VALUES ('1503040281746002', '2', '保险代理人为什么要学习法律.mp3', null, '43093aa10a56519082130793bf385e3a', 'audio/mpeg', 'audioFile/2017/0818/audio_mpeg/1503040281715001.mp3', '1', '11408', '417', null, '2017-08-18 15:11:22', '0');
INSERT INTO `sys_file_info` VALUES ('1503040849006004', '1', '123.jpg', null, null, 'image/jpeg', 'logo/123.jpg', '1', null, null, '400x400', '2017-08-18 15:20:49', '0');
INSERT INTO `sys_file_info` VALUES ('1503041577684004', '2', '增员家庭主妇 林鑫 配乐 试听.mp3', null, '3cf04dd2c5ac0eb943b8afcd0a546f35', 'audio/mpeg', 'audioFile/2017/0818/audio_mpeg/1503041577668003.mp3', '1', '7341', '187', null, '2017-08-18 15:32:58', '1');
INSERT INTO `sys_file_info` VALUES ('2017062409222530002', '1', '19205746_980x1200_0.jpg', null, '45278c187c6b49489059ac4e3a13e657', 'image/jpeg', 'imageFile/2017/0624/image_jpeg/2017062409222338001.jpg', '1', '61', null, '640x640', '2017-06-24 09:22:25', '0');
INSERT INTO `sys_file_info` VALUES ('2017062409230323004', '1', '19205738_980x1200_0.jpg', null, 'd6550b4cd3d2cd72f343752e45282700', 'image/jpeg', 'imageFile/2017/0624/image_jpeg/2017062409230321003.jpg', '1', '98', null, '640x927', '2017-06-24 09:23:03', '0');
INSERT INTO `sys_file_info` VALUES ('2017062717475720002', '2', '纯音乐 - 八音盒卡农.mp3', null, '8a43d095050b5e0d2063345a68ee5051', 'audio/mpeg', 'audioFile/2017/0627/audio_mpeg/2017062717474358001.mp3', '1', '5564', '356', null, '2017-06-27 17:47:57', '1');
INSERT INTO `sys_file_info` VALUES ('2017070511360384004', '2', '纯音乐 - 樱花八音盒 - 纯音乐版.mp3', null, '5f61fddaaaac43b0856e50876825f5d4', 'audio/mpeg', 'audioFile/2017/0705/audio_mpeg/2017070511360383003.mp3', '1', '943', '60', null, '2017-07-05 11:36:04', '1');
INSERT INTO `sys_file_info` VALUES ('20170823133836272001', '2', '增员家庭主妇 林鑫 配乐 完整.mp3', null, 'e50e6a7449e53805dd6ffe6847f7301e', 'audio/mpeg', 'audio/2017/0823/133836272001/20170823133836272001.mp3', '1', '34644', '886', null, '2017-08-23 13:38:36', '0');
INSERT INTO `sys_file_info` VALUES ('20170824091337811002', '1', 'IMG.JPG', null, 'becd09b56e9955ae2ad3aaf18a01ee3f', 'image/jpeg', 'image/2017/0824/091337811002/20170824091337811002.jpg', '1', '43', null, '435x435', '2017-08-24 09:13:38', '0');
INSERT INTO `sys_file_info` VALUES ('20170824093642973003', '1', 'IMG.JPG', null, '68d16a06658819a1b6fbab913101cf51', 'image/jpeg', 'image/2017/0824/093642973003/20170824093642973003.jpg', '1', '48', null, '435x435', '2017-08-24 09:36:43', '0');
INSERT INTO `sys_file_info` VALUES ('20170824095132196001', '1', 'loading.gif', null, 'f1e6f8d8dc63ad987f330fa63aecb820', 'image/gif', 'image/2017/0824/095132196001/20170824095132196001.gif', '1', '1', null, '66x66', '2017-08-24 09:51:32', '0');
INSERT INTO `sys_file_info` VALUES ('20170825093934675001', '1', 'test.png', null, 'fdc65d749d3da6f7157198ff5b287101', 'image/png', 'image/2017/0825/093934675001/20170825093934675001.png', '1', '1', null, '256x80', '2017-08-25 09:39:36', '0');
INSERT INTO `sys_file_info` VALUES ('20170825104009346001', '2', 'test.mp3', null, '021207eb6c0fd3dbef64df7396d8c9ed', 'audio/mpeg', 'audio/2017/0825/104009346001/20170825104009346001.mp3', '1', '1205', null, null, '2017-08-25 10:40:10', '0');
INSERT INTO `sys_file_info` VALUES ('20170825150935750001', '1', 'test2.png', null, '7ea4334994affcb95462602445d8dc50', 'image/png', 'image/2017/0825/150935750001/20170825150935750001.png', '1', '1', null, '256x80', '2017-08-25 15:09:36', '0');
INSERT INTO `sys_file_info` VALUES ('20170825160442848001', '1', '1.png', null, 'acc1463af0cdbd05da5343426f1c3e0a', 'image/png', 'image/2017/0825/160442848001/20170825160442848001.png', '1', '59', null, '180x180', '2017-08-25 16:04:43', '0');
INSERT INTO `sys_file_info` VALUES ('20170825160608625002', '1', '1.png', null, 'e63b18676aa876dc4e2e5cf1a785ff97', 'image/png', 'image/2017/0825/160608625002/20170825160608625002.png', '1', '58', null, '180x180', '2017-08-25 16:06:09', '0');
INSERT INTO `sys_file_info` VALUES ('20170825160701783003', '1', '1.png', null, '0170cfa04348bc79304f3bd8ac0b646c', 'image/png', 'image/2017/0825/160701783003/20170825160701783003.png', '1', '20', null, '108x108', '2017-08-25 16:07:02', '0');

-- ----------------------------
-- Table structure for sys_group
-- ----------------------------
DROP TABLE IF EXISTS `sys_group`;
CREATE TABLE `sys_group` (
  `id` varchar(64) NOT NULL COMMENT '编号',
  `parent_id` varchar(64) NOT NULL COMMENT '父级编号',
  `parent_ids` varchar(1000) NOT NULL COMMENT '所有父级编号',
  `name` varchar(100) NOT NULL COMMENT '名称',
  `role_id` varchar(64) NOT NULL COMMENT '限定必须绑定一个角色',
  `group_type` varchar(64) DEFAULT NULL COMMENT 'admin,company,department',
  `province_code` varchar(64) DEFAULT NULL COMMENT '区域编码',
  `city_code` varchar(64) DEFAULT NULL,
  `county_code` varchar(64) DEFAULT NULL COMMENT '归属区域',
  `address` varchar(255) DEFAULT NULL COMMENT '详细联系地址',
  `zip_code` varchar(64) DEFAULT NULL COMMENT '邮政编码',
  `level` int(11) NOT NULL COMMENT '级别1,2,3',
  `phone` varchar(200) DEFAULT NULL COMMENT '电话',
  `fax` varchar(200) DEFAULT NULL COMMENT '传真',
  `email` varchar(200) DEFAULT NULL COMMENT '邮箱',
  `sort` int(11) NOT NULL DEFAULT '0' COMMENT '排序',
  `useable` tinyint(4) DEFAULT '1' COMMENT '是否启用',
  `master` varchar(100) DEFAULT NULL COMMENT '负责人',
  `primary_person` varchar(64) DEFAULT NULL COMMENT '主负责人',
  `deputy_person` varchar(64) DEFAULT NULL COMMENT '副负责人',
  `remarks` varchar(255) DEFAULT NULL COMMENT '备注信息',
  `create_by` varchar(64) NOT NULL COMMENT '创建者',
  `create_date` datetime NOT NULL COMMENT '创建时间',
  `update_by` varchar(64) NOT NULL COMMENT '更新者',
  `update_date` datetime NOT NULL COMMENT '更新时间',
  `del_flag` tinyint(4) NOT NULL DEFAULT '0' COMMENT '删除标记',
  PRIMARY KEY (`id`),
  KEY `sys_office_parent_id` (`parent_id`),
  KEY `sys_office_del_flag` (`del_flag`)
) ENGINE=InnoDB DEFAULT CHARSET=utf8 COMMENT='机构表';

-- ----------------------------
-- Records of sys_group
-- ----------------------------
INSERT INTO `sys_group` VALUES ('1', '0', '0,', '系统组织', '1', null, null, null, null, null, null, '1', null, null, null, '10', '1', null, null, null, '', '14', '2017-07-24 11:20:45', '14', '2017-07-24 11:20:45', '0');
INSERT INTO `sys_group` VALUES ('1501567675521001', '2', '0,1,2,', 'test', '5', null, null, null, null, null, null, '3', null, null, null, '30', '0', null, null, null, '', '2', '2017-08-01 14:07:56', '2', '2017-08-01 14:07:56', '1');
INSERT INTO `sys_group` VALUES ('1501567682537002', '1501567675521001', '0,1,2,1501567675521001,', 'test2', '5', null, null, null, null, null, null, '4', null, null, null, '30', '0', null, null, null, '', '2', '2017-08-01 14:08:03', '2', '2017-08-01 14:08:03', '1');
INSERT INTO `sys_group` VALUES ('1501567944731004', '2', '0,1,2,', 'test3', '5', null, null, null, null, null, null, '3', null, null, null, '30', '0', null, null, null, '', '2', '2017-08-01 14:12:25', '2', '2017-08-01 14:12:25', '1');
INSERT INTO `sys_group` VALUES ('1506255417737004', '1', '0,1,', '代理商管理员', '1506255281470003', null, null, null, null, null, null, '2', null, null, null, '30', '1', null, null, null, '', '1', '2017-09-24 20:16:57', '1', '2017-09-24 20:16:57', '0');
INSERT INTO `sys_group` VALUES ('2', '1', '0,1,', '管理员', '2', null, '100000', null, '2', null, null, '2', null, null, null, '10', '1', null, null, null, '', '1', '2013-05-27 08:00:00', '1', '2017-10-23 15:32:55', '0');
INSERT INTO `sys_group` VALUES ('3', '2', '0,1,2,', '商户管理员', '1501057303268001', null, '100001', null, '2', null, null, '3', null, null, null, '10', '0', null, null, null, '', '1', '2013-05-27 08:00:00', '1', '2017-09-14 13:28:03', '1');
INSERT INTO `sys_group` VALUES ('4', '2', '0,1,2,', '销售部', '5', null, '100002', null, '2', null, null, '3', null, null, null, '20', '0', null, null, null, '', '1', '2013-05-27 08:00:00', '1', '2017-08-01 10:54:21', '1');

-- ----------------------------
-- Table structure for sys_menu
-- ----------------------------
DROP TABLE IF EXISTS `sys_menu`;
CREATE TABLE `sys_menu` (
  `id` varchar(64) COLLATE utf8_bin NOT NULL COMMENT '编号',
  `parent_id` varchar(64) COLLATE utf8_bin NOT NULL COMMENT '父级编号',
  `parent_ids` varchar(2000) COLLATE utf8_bin DEFAULT NULL COMMENT '所有父级编号',
  `name` varchar(100) COLLATE utf8_bin NOT NULL COMMENT '名称',
  `rights_code` varchar(64) COLLATE utf8_bin DEFAULT NULL COMMENT '权限标识. 唯一',
  `level` int(11) DEFAULT NULL COMMENT '级别1,2,3',
  `sort` int(11) NOT NULL COMMENT '排序',
  `href` varchar(2000) COLLATE utf8_bin DEFAULT NULL COMMENT '链接',
  `target` varchar(20) COLLATE utf8_bin DEFAULT NULL COMMENT '目标',
  `icon` varchar(100) COLLATE utf8_bin DEFAULT NULL COMMENT '图标',
  `is_hide` tinyint(4) NOT NULL DEFAULT '0' COMMENT '是否在菜单中隐藏',
  `remarks` varchar(255) COLLATE utf8_bin DEFAULT NULL COMMENT '备注信息',
  `create_by` varchar(64) COLLATE utf8_bin NOT NULL COMMENT '创建者',
  `create_date` datetime NOT NULL COMMENT '创建时间',
  `update_by` varchar(64) COLLATE utf8_bin NOT NULL COMMENT '更新者',
  `update_date` datetime NOT NULL COMMENT '更新时间',
  `del_flag` tinyint(4) NOT NULL DEFAULT '0' COMMENT '删除标记',
  PRIMARY KEY (`id`),
  UNIQUE KEY `sys_menu_rights_code` (`rights_code`) USING HASH,
  KEY `sys_menu_parent_id` (`parent_id`),
  KEY `sys_menu_del_flag` (`del_flag`)
) ENGINE=InnoDB DEFAULT CHARSET=utf8 COLLATE=utf8_bin COMMENT='菜单表';

-- ----------------------------
-- Records of sys_menu
-- ----------------------------
INSERT INTO `sys_menu` VALUES ('1', '0', '0,', '功能菜单', null, '1', '0', null, null, null, '0', null, '1', '2013-05-27 08:00:00', '1', '2013-05-27 08:00:00', '0');
INSERT INTO `sys_menu` VALUES ('1501742181610001', '2', '0,1,2,', '菜单管理', null, '3', '30', '/menu/list', null, null, '0', '', '1', '2013-05-27 08:00:00', '14', '2017-07-25 16:52:03', '1');
INSERT INTO `sys_menu` VALUES ('1501742181615002', '2', '0,1,2,', '角色权限管理', null, '3', '30', '/role/list', null, null, '0', '', '1', '2013-05-27 08:00:00', '14', '2017-07-25 16:52:07', '1');
INSERT INTO `sys_menu` VALUES ('1501742181616003', '2', '0,1,2,', '组织机构管理', null, '3', '30', '/group/list', null, null, '0', '', '20170123', '2017-07-21 15:25:20', '14', '2017-07-24 15:53:36', '1');
INSERT INTO `sys_menu` VALUES ('1501742181617004', '2', '0,1,2,', '系统用户管理', null, '3', '30', '/admin/list', null, null, '0', '', '20170123', '2017-07-18 15:39:36', '14', '2017-07-24 13:10:24', '1');
INSERT INTO `sys_menu` VALUES ('1501742181618005', '3', '0,1,3,', '轮播图管理', null, '3', '60', '/banner/list', null, null, '0', '', '1', '2013-05-27 08:00:00', '20170123', '2017-07-18 15:41:17', '0');
INSERT INTO `sys_menu` VALUES ('1501742181619006', '1502344027933001', '0,1,1502344027933001,', '课程管理', null, '3', '10', '/course/list', null, '', '0', '', '1', '2013-05-27 08:00:00', '1', '2017-08-14 09:06:36', '0');
INSERT INTO `sys_menu` VALUES ('1501742181620007', '1502673476505008', '0,1,1502673476505008,', '学校列表', null, '3', '20', '/school/list', null, '', '0', '', '1', '2013-05-27 08:00:00', '1', '2017-11-10 22:08:39', '0');
INSERT INTO `sys_menu` VALUES ('1501742181621008', '1502673476505008', '0,1,1502673476505008,', '保道历管理', null, '3', '30', '/news/saysList', null, '', '0', '', '1', '2017-07-31 16:13:33', '1', '2017-08-14 09:18:49', '1');
INSERT INTO `sys_menu` VALUES ('1501742181623009', '1502673476505008', '0,1,1502673476505008,', '故事管理', null, '3', '30', '/news/storyList', null, '', '0', '', '1', '2017-07-31 16:15:04', '1', '2017-08-18 17:54:19', '1');
INSERT INTO `sys_menu` VALUES ('1501742181624010', '1502344027933001', '0,1,1502344027933001,', '专栏管理', null, '3', '20', '/column/list', null, '', '0', '', '1', '2017-08-02 15:05:03', '1', '2017-08-14 09:06:47', '0');
INSERT INTO `sys_menu` VALUES ('1501742181625011', '3', '0,1,3,', '商品类目管理', null, '3', '35', '/category/list', null, null, '0', '', '20170123', '2017-07-18 15:42:26', '20170123', '2017-07-18 15:42:26', '0');
INSERT INTO `sys_menu` VALUES ('1501742181626012', '1502673476505008', '0,1,1502673476505008,', '新闻管理', null, '3', '30', '/news/newsList', null, '', '0', '', '20170123', '2017-07-18 15:43:03', '1', '2017-08-18 17:47:46', '1');
INSERT INTO `sys_menu` VALUES ('1501742181627013', '3', '0,1,3,', '券管理', null, '3', '40', '/coupon/list', null, null, '0', '', '20170123', '2017-07-18 15:43:51', '20170123', '2017-07-18 15:44:05', '0');
INSERT INTO `sys_menu` VALUES ('1501742181628014', '3', '0,1,3,', '兑换券管理', null, '3', '45', '/couponExchange/list', null, null, '0', '', '20170123', '2017-07-18 15:44:28', '20170123', '2017-07-18 15:44:28', '0');
INSERT INTO `sys_menu` VALUES ('1501742537609001', '3', '0,1,3,', '勋章管理', null, '3', '50', '/medal/list', null, null, '0', '', '1', '2017-08-03 14:42:18', '1', '2017-08-03 14:42:18', '0');
INSERT INTO `sys_menu` VALUES ('1502344027933001', '1', '0,1,', '商品管理', null, '2', '30', '', null, '', '0', '', '1', '2017-08-10 13:47:08', '1', '2017-08-17 09:06:15', '1');
INSERT INTO `sys_menu` VALUES ('1502344240108002', '1502344027933001', '0,1,1502344027933001,', '实物商品管理', null, '3', '30', '/realGoods/list', null, '', '0', '', '1', '2017-08-10 13:50:40', '1', '2017-08-14 09:09:30', '0');
INSERT INTO `sys_menu` VALUES ('1502556572252001', '3', '0,1,3,', '商品分类管理', null, '3', '30', '/goodsType/list', null, '', '0', '', '1', '2017-08-13 00:49:32', '1', '2017-08-14 09:07:47', '0');
INSERT INTO `sys_menu` VALUES ('1502673112140006', '2', '0,1,2,', '系统设置', null, '3', '30', '/setting/form', null, '', '0', '', '1', '2017-08-14 09:11:52', '1', '2017-08-14 09:13:08', '1');
INSERT INTO `sys_menu` VALUES ('1502673136879007', '2', '0,1,2,', '配置管理', null, '3', '30', '/config/list', null, '', '0', '', '1', '2017-08-14 09:12:17', '1', '2017-08-14 09:13:14', '1');
INSERT INTO `sys_menu` VALUES ('1502673476505008', '1', '0,1,', '学校管理', null, '2', '10', '', null, '', '0', '', '1', '2017-08-14 09:17:57', '1505369549189001', '2017-11-01 14:04:19', '0');
INSERT INTO `sys_menu` VALUES ('1503049698719001', '1502673476505008', '0,1,1502673476505008,', '资讯管理', null, '3', '30', '/news/infoList', null, '', '0', '', '1', '2017-08-18 17:48:19', '1', '2017-08-18 17:48:19', '1');
INSERT INTO `sys_menu` VALUES ('1504927820549001', '1', '0,1,', '资金管理', null, '2', '30', '', null, '', '0', '', '1', '2017-09-09 11:30:21', '1', '2017-09-09 11:30:21', '1');
INSERT INTO `sys_menu` VALUES ('1505954664668001', '1502673476505008', '0,1,1502673476505008,', '订单管理', null, '3', '30', '/order/list', null, '', '0', '', '1', '2017-09-21 08:44:24', '1', '2017-09-21 08:44:24', '1');
INSERT INTO `sys_menu` VALUES ('1505954664782002', '1502673476505008', '0,1,1502673476505008,', '订单管理', null, '3', '30', '/order/list', null, '', '0', '', '1', '2017-09-21 08:44:24', '1', '2017-09-21 08:44:24', '1');
INSERT INTO `sys_menu` VALUES ('1505956392331003', '1', '0,1,', '提现管理', null, '2', '30', '', null, '', '0', '', '1', '2017-09-21 09:13:12', '1', '2017-09-21 09:13:12', '1');
INSERT INTO `sys_menu` VALUES ('1505956441654004', '1505956392331003', '0,1,1505956392331003,', '提现列表', null, '3', '30', '/cash/list', null, '', '0', '', '1', '2017-09-21 09:14:01', '1', '2017-09-21 09:14:01', '0');
INSERT INTO `sys_menu` VALUES ('1506254074611001', '1', '0,1,', '用户管理', null, '2', '9', '', null, '', '0', '', '1', '2017-09-24 19:54:34', '1505369549189001', '2017-11-01 14:04:03', '0');
INSERT INTO `sys_menu` VALUES ('1506254074843002', '1', '0,1,', '代理商管理', null, '2', '30', '/agent/list', null, '', '0', '', '1', '2017-09-24 19:54:34', '1', '2017-09-24 19:54:34', '1');
INSERT INTO `sys_menu` VALUES ('1506254139989003', '1506254074611001', '0,1,1506254074611001,', '用户列表', null, '3', '30', '/user/list', null, '', '0', '', '1', '2017-09-24 19:55:39', '1', '2017-11-06 16:39:25', '0');
INSERT INTO `sys_menu` VALUES ('1506255148182001', '1', '0,1,', '类别管理', null, '2', '30', '', null, '', '0', '', '1', '2017-09-24 20:12:28', '1', '2017-10-20 16:36:58', '0');
INSERT INTO `sys_menu` VALUES ('1506255218920002', '1506255148182001', '0,1,1506255148182001,', '商圈管理', null, '3', '30', '/type/businessCircleList', null, '', '0', '', '1', '2017-09-24 20:13:38', '1', '2017-10-20 16:54:25', '0');
INSERT INTO `sys_menu` VALUES ('1506268531742001', '1506254074611001', '0,1,1506254074611001,', '报单审核', null, '3', '30', '/agent/orders', null, '', '0', '', '1', '2017-09-24 23:55:31', '1', '2017-09-24 23:56:33', '1');
INSERT INTO `sys_menu` VALUES ('1506408902863001', '1', '0,1,', '充值管理', null, '2', '30', '', null, '', '0', '', '1', '2017-09-26 14:55:02', '1', '2017-10-23 15:28:33', '1');
INSERT INTO `sys_menu` VALUES ('1506408933404002', '1506408902863001', '0,1,1506408902863001,', '充值记录', null, '3', '30', '/recharge/list', null, '', '0', '', '1', '2017-09-26 14:55:33', '1', '2017-10-28 13:27:50', '0');
INSERT INTO `sys_menu` VALUES ('1506517902441001', '1', '0,1,', '订单管理', null, '2', '30', '', null, '', '0', '', '1', '2017-09-27 21:11:42', '1', '2017-10-20 16:53:15', '1');
INSERT INTO `sys_menu` VALUES ('1506517934227002', '1506517902441001', '0,1,1506517902441001,', '订单列表', null, '3', '30', '/order/list', null, '', '0', '', '1', '2017-09-27 21:12:14', '1', '2017-10-28 09:12:45', '0');
INSERT INTO `sys_menu` VALUES ('1507448386354001', '1505956392331003', '0,1,1505956392331003,', '打款管理', null, '3', '30', '/cash/financeList', null, '', '0', '', '1', '2017-10-08 15:39:46', '1', '2017-10-08 17:00:36', '0');
INSERT INTO `sys_menu` VALUES ('1507535230093001', '1506255148182001', '0,1,1506255148182001,', '行业分类', null, '3', '30', '/type/trainingTypeList', null, '', '0', '', '1', '2017-10-09 15:47:10', '1', '2017-11-09 23:14:22', '0');
INSERT INTO `sys_menu` VALUES ('1507682966119001', '1', '0,1,', '其他管理', null, '2', '35', '', null, '', '0', '', '1', '2017-10-11 08:49:26', '1', '2017-10-23 15:53:19', '0');
INSERT INTO `sys_menu` VALUES ('1507683030383002', '1507682966119001', '0,1,1507682966119001,', '图片', null, '3', '30', '/banner/list', null, '', '0', '', '1', '2017-10-11 08:50:30', '1', '2017-11-13 22:24:52', '0');
INSERT INTO `sys_menu` VALUES ('1507683790230003', '1507682966119001', '0,1,1507682966119001,', '资料上传', null, '3', '30', '/settings/attachmentList', null, '', '0', '', '1', '2017-10-11 09:03:10', '1', '2017-10-11 14:14:16', '1');
INSERT INTO `sys_menu` VALUES ('1507881063013001', '1', '0,1,', '主页', null, '2', '30', '/dashboard/dashboard', null, '', '0', '', '1', '2017-10-13 15:51:03', '1', '2017-10-13 16:16:03', '1');
INSERT INTO `sys_menu` VALUES ('1508739130227003', '1', '0,1,', '轮播图', null, '2', '30', '/banner/list', null, '', '0', '', '1', '2017-10-23 14:12:10', '1', '2017-10-23 14:12:18', '1');
INSERT INTO `sys_menu` VALUES ('1508743835575004', '1', '0,1,', '意见反馈', null, '2', '30', '', null, '', '0', '', '1', '2017-10-23 15:30:35', '1', '2017-10-23 15:52:17', '1');
INSERT INTO `sys_menu` VALUES ('1508743951187005', '1508743835575004', '0,1,1508743835575004,', '意见列表', null, '3', '30', '/suggest/list', null, '', '0', '', '1', '2017-10-23 15:32:31', '1', '2017-10-23 15:32:31', '0');
INSERT INTO `sys_menu` VALUES ('1508744944973006', '1506408902863001', '0,1,1506408902863001,', '充值设置', null, '3', '30', '/recharge/settingList', null, '', '0', '', '1', '2017-10-23 15:49:04', '1', '2017-10-28 13:28:20', '0');
INSERT INTO `sys_menu` VALUES ('1508745225801007', '1507682966119001', '0,1,1507682966119001,', '意见反馈', null, '3', '30', '/suggest/list', null, '', '0', '', '1', '2017-10-23 15:53:45', '1', '2017-10-23 15:54:26', '0');
INSERT INTO `sys_menu` VALUES ('1509956617140001', '1', '0,1,', '课程管理', null, '2', '30', '', null, '', '0', '', '1505369549189001', '2017-11-06 16:23:37', '1505369549189001', '2017-11-06 16:23:37', '1');
INSERT INTO `sys_menu` VALUES ('1509956642283002', '1', '0,1,', '课程管理', null, '2', '25', '', null, '', '0', '', '1505369549189001', '2017-11-06 16:24:02', '1505369549189001', '2017-11-06 16:24:02', '0');
INSERT INTO `sys_menu` VALUES ('1509956803724003', '1509956642283002', '0,1,1509956642283002,', '课程列表', null, '3', '26', '/course/courseList', null, '', '0', '', '1505369549189001', '2017-11-06 16:26:44', '1505369549189001', '2017-11-06 16:52:50', '0');
INSERT INTO `sys_menu` VALUES ('1510214584884001', '1509956642283002', '0,1,1509956642283002,', '课程类型', null, '3', '30', '/course/courseTypeList', null, '', '0', '', '1', '2017-11-09 16:03:05', '1', '2017-11-09 16:38:42', '1');
INSERT INTO `sys_menu` VALUES ('1510554493823001', '1502673476505008', '0,1,1502673476505008,', '教师管理', null, '3', '30', '/teacher/teacherList', null, '', '0', '', '1', '2017-11-13 14:28:13', '1', '2017-11-13 14:43:54', '0');
INSERT INTO `sys_menu` VALUES ('1510586962472001', '1507682966119001', '0,1,1507682966119001,', '入住机构', null, '3', '30', '/franchisee/list', null, '', '0', '', '1', '2017-11-13 23:29:22', '1', '2017-11-13 23:29:42', '0');
INSERT INTO `sys_menu` VALUES ('1510639097648001', '1', '0,1,', '报名管理', null, '2', '26', '', null, '', '0', '', '1', '2017-11-14 13:58:17', '1', '2017-11-14 14:02:30', '0');
INSERT INTO `sys_menu` VALUES ('1510639334537002', '1510639097648001', '0,1,1510639097648001,', '报名列表', null, '3', '30', '/apply/list', null, '', '0', '', '1', '2017-11-14 14:02:14', '1', '2017-11-14 14:02:14', '0');
INSERT INTO `sys_menu` VALUES ('2', '1', '0,1,', '系统设置', null, '2', '30', '', null, null, '0', '', '1', '2013-05-27 08:00:00', '20170123', '2017-07-18 14:49:23', '1');
INSERT INTO `sys_menu` VALUES ('3', '1', '0,1,', '保道业务', null, '2', '30', '', null, null, '0', '', '1', '2013-05-27 08:00:00', '20170123', '2017-07-18 15:37:40', '1');

-- ----------------------------
-- Table structure for sys_role
-- ----------------------------
DROP TABLE IF EXISTS `sys_role`;
CREATE TABLE `sys_role` (
  `id` varchar(64) NOT NULL COMMENT '编号',
  `group_id` varchar(64) NOT NULL COMMENT '组织机构ID.  (1-系统管理组)',
  `name` varchar(100) NOT NULL COMMENT '角色名称',
  `enname` varchar(255) DEFAULT NULL COMMENT '英文名称',
  `role_type` varchar(255) DEFAULT NULL COMMENT '角色类型',
  `remarks` varchar(255) DEFAULT NULL COMMENT '备注信息',
  `useable` tinyint(4) DEFAULT NULL COMMENT '是否可用 1-是,0-否',
  `create_by` varchar(64) NOT NULL COMMENT '创建者',
  `create_date` datetime NOT NULL COMMENT '创建时间',
  `update_by` varchar(64) NOT NULL COMMENT '更新者',
  `update_date` datetime NOT NULL COMMENT '更新时间',
  `del_flag` tinyint(4) NOT NULL DEFAULT '0' COMMENT '删除标记',
  PRIMARY KEY (`id`),
  KEY `sys_role_del_flag` (`del_flag`),
  KEY `sys_role_enname` (`enname`)
) ENGINE=InnoDB DEFAULT CHARSET=utf8 COMMENT='角色表';

-- ----------------------------
-- Records of sys_role
-- ----------------------------
INSERT INTO `sys_role` VALUES ('1', '1', '系统权限', 'system_role', null, '', '1', '1', '2013-05-27 08:00:00', '1', '2017-08-17 10:55:31', '0');
INSERT INTO `sys_role` VALUES ('1506255281470003', '1', '代理商权限', '', null, '', '1', '1', '2017-09-24 20:14:41', '1', '2017-09-24 20:14:41', '0');
INSERT INTO `sys_role` VALUES ('2', '1', '一级机构权限', '', null, '', '1', '1', '2017-07-26 16:21:43', '1', '2017-09-14 13:34:05', '0');
INSERT INTO `sys_role` VALUES ('4', '2', '行政权限', 'xingzheng', null, '', '1', '1', '2013-05-27 08:00:00', '2', '2017-08-01 11:07:11', '0');
INSERT INTO `sys_role` VALUES ('5', '2', '销售权限', 'xiaoshou', null, '', '1', '1', '2013-05-27 08:00:00', '2', '2017-08-01 11:06:52', '0');

-- ----------------------------
-- Table structure for sys_role_menu
-- ----------------------------
DROP TABLE IF EXISTS `sys_role_menu`;
CREATE TABLE `sys_role_menu` (
  `role_id` varchar(64) NOT NULL COMMENT '角色编号',
  `menu_id` varchar(64) NOT NULL COMMENT '菜单编号',
  `editable` tinyint(4) NOT NULL DEFAULT '0',
  PRIMARY KEY (`role_id`,`menu_id`)
) ENGINE=InnoDB DEFAULT CHARSET=utf8 COMMENT='角色-菜单';

-- ----------------------------
-- Records of sys_role_menu
-- ----------------------------
INSERT INTO `sys_role_menu` VALUES ('1506255281470003', '1', '1');
INSERT INTO `sys_role_menu` VALUES ('1506255281470003', '1506255148182001', '1');
INSERT INTO `sys_role_menu` VALUES ('1506255281470003', '1506255218920002', '1');
INSERT INTO `sys_role_menu` VALUES ('1506255281470003', '1507535230093001', '1');
INSERT INTO `sys_role_menu` VALUES ('2', '1', '1');
INSERT INTO `sys_role_menu` VALUES ('2', '1501742181620007', '1');
INSERT INTO `sys_role_menu` VALUES ('2', '1502673476505008', '1');
INSERT INTO `sys_role_menu` VALUES ('2', '1506254074611001', '1');
INSERT INTO `sys_role_menu` VALUES ('2', '1506254139989003', '1');
INSERT INTO `sys_role_menu` VALUES ('2', '1506255148182001', '1');
INSERT INTO `sys_role_menu` VALUES ('2', '1506255218920002', '1');
INSERT INTO `sys_role_menu` VALUES ('2', '1507535230093001', '1');
INSERT INTO `sys_role_menu` VALUES ('2', '1507682966119001', '1');
INSERT INTO `sys_role_menu` VALUES ('2', '1507683030383002', '1');
INSERT INTO `sys_role_menu` VALUES ('2', '1508745225801007', '1');
INSERT INTO `sys_role_menu` VALUES ('2', '1509956642283002', '1');
INSERT INTO `sys_role_menu` VALUES ('2', '1509956803724003', '1');
INSERT INTO `sys_role_menu` VALUES ('2', '1510554493823001', '1');
INSERT INTO `sys_role_menu` VALUES ('2', '1510586962472001', '1');
INSERT INTO `sys_role_menu` VALUES ('2', '1510639097648001', '1');
INSERT INTO `sys_role_menu` VALUES ('2', '1510639334537002', '1');
INSERT INTO `sys_role_menu` VALUES ('4', '1', '1');
INSERT INTO `sys_role_menu` VALUES ('4', '13', '1');
INSERT INTO `sys_role_menu` VALUES ('4', '14', '1');
INSERT INTO `sys_role_menu` VALUES ('4', '1500621920291007', '1');
INSERT INTO `sys_role_menu` VALUES ('4', '1501488812738001', '1');
INSERT INTO `sys_role_menu` VALUES ('4', '1501488904053002', '1');
INSERT INTO `sys_role_menu` VALUES ('4', '17', '1');
INSERT INTO `sys_role_menu` VALUES ('4', '20', '1');
INSERT INTO `sys_role_menu` VALUES ('4', '20170718153936031003', '1');
INSERT INTO `sys_role_menu` VALUES ('4', '20170718154226190004', '1');
INSERT INTO `sys_role_menu` VALUES ('4', '20170718154302686005', '1');
INSERT INTO `sys_role_menu` VALUES ('4', '20170718154351165006', '1');
INSERT INTO `sys_role_menu` VALUES ('4', '20170718154427727007', '1');
INSERT INTO `sys_role_menu` VALUES ('4', '3', '1');
INSERT INTO `sys_role_menu` VALUES ('4', '7', '1');
INSERT INTO `sys_role_menu` VALUES ('5', '1', '1');
INSERT INTO `sys_role_menu` VALUES ('5', '13', '1');
INSERT INTO `sys_role_menu` VALUES ('5', '14', '1');
INSERT INTO `sys_role_menu` VALUES ('5', '1501488812738001', '1');
INSERT INTO `sys_role_menu` VALUES ('5', '1501488904053002', '1');
INSERT INTO `sys_role_menu` VALUES ('5', '17', '1');
INSERT INTO `sys_role_menu` VALUES ('5', '20', '1');
INSERT INTO `sys_role_menu` VALUES ('5', '20170718154226190004', '1');
INSERT INTO `sys_role_menu` VALUES ('5', '20170718154302686005', '1');
INSERT INTO `sys_role_menu` VALUES ('5', '20170718154351165006', '1');
INSERT INTO `sys_role_menu` VALUES ('5', '20170718154427727007', '1');
INSERT INTO `sys_role_menu` VALUES ('7', '1', '1');
INSERT INTO `sys_role_menu` VALUES ('7', '13', '1');
INSERT INTO `sys_role_menu` VALUES ('7', '1500621920291007', '1');
INSERT INTO `sys_role_menu` VALUES ('7', '20170718154302686005', '1');
INSERT INTO `sys_role_menu` VALUES ('7', '20170718154427727007', '1');
INSERT INTO `sys_role_menu` VALUES ('7', '3', '1');

-- ----------------------------
-- Table structure for sys_setting
-- ----------------------------
DROP TABLE IF EXISTS `sys_setting`;
CREATE TABLE `sys_setting` (
  `id` varchar(64) NOT NULL,
  `adminsite_name` varchar(255) DEFAULT NULL COMMENT '后台网站名称',
  `adminsite_logo` varchar(255) DEFAULT NULL COMMENT '后台网站logo',
  `website_name` varchar(255) DEFAULT NULL COMMENT '前台网站名称',
  `website_logo` varchar(255) DEFAULT NULL COMMENT '前台网站logo',
  `copyright_info` varchar(255) DEFAULT NULL COMMENT '底部版权信息',
  `filing_info` varchar(255) DEFAULT NULL COMMENT 'ICP备案信息',
  `website_desc` varchar(255) DEFAULT NULL COMMENT '描述',
  `statistical_code` varchar(255) DEFAULT NULL COMMENT '统计代码  在商城（前台）各个页面加上第三方流量统计代码，用于记录各页面访问情况',
  `seo_title` varchar(255) DEFAULT NULL,
  `seo_keywords` varchar(255) DEFAULT NULL,
  `seo_desc` varchar(255) DEFAULT NULL,
  `register_agreement` longtext COMMENT '会员注册协议',
  `register_verify_mobile` tinyint(4) DEFAULT NULL COMMENT '会员注册是否需要手机验证(1是0否)',
  PRIMARY KEY (`id`)
) ENGINE=InnoDB DEFAULT CHARSET=utf8;

-- ----------------------------
-- Records of sys_setting
-- ----------------------------
INSERT INTO `sys_setting` VALUES ('1', '管理后台', '/static/content/ui/img/logo-old.png', '', '', 'Copyright ? ***', '苏ICP备***号', '', '', '', '', '', '', '1');
